id_user,asistencia_webinars,clicks_bolsa_trabajo,situacion_laboral,clicks_marketing,profesion,recencia_interaccion,cliente_antiguo,ubicacion_region,tipo_entidad_interes,estado_postulacion_historica,compro_curso
HIST-0,3,8,sector_privado,media,Administrador,22,0,Callao,Municipalidades,Postulante frecuente,1
HIST-1,5,0,independiente,nula,Ingeniero,0,0,Lima,Organismos Autónomos,Otro,1
HIST-2,2,8,independiente,nula,Ingeniero,10,1,Lima,Municipalidades,Otro,0
HIST-3,3,3,independiente,nula,Abogado,61,0,Lima,Organismos Autónomos,Otro,0
HIST-4,9,5,sector_privado,media,Administrador,94,0,Lima,Gobierno Regional,Solo visualizador,0
HIST-5,6,1,independiente,nula,Arquitecto,11,0,Cusco,Otro,Finalista/Seleccionado,1
HIST-6,8,16,sector_privado,alta,Abogado,41,1,Callao,Otro,Solo visualizador,1
HIST-7,2,20,sector_publico,media,Arquitecto,4,1,Lima,Municipalidades,Solo visualizador,1
HIST-8,5,17,sector_privado,media,Abogado,170,0,Cusco,Ministerios/Poder Ejecutivo,Otro,0
HIST-9,3,4,sector_publico,alta,Abogado,146,1,Otro,Gobierno Regional,Otro,1
HIST-10,0,20,sector_privado,nula,Arquitecto,65,1,Otro,Organismos Autónomos,Otro,0
HIST-11,8,4,sector_publico,media,Otro,131,0,Cusco,Organismos Autónomos,Postulante frecuente,1
HIST-12,6,18,independiente,nula,Economista,99,1,Otro,Municipalidades,Otro,1
HIST-13,2,5,sector_privado,media,Ingeniero,28,1,Callao,Organismos Autónomos,Solo visualizador,0
HIST-14,0,20,independiente,nula,Contador,13,0,Otro,Organismos Autónomos,Solo visualizador,0
HIST-15,9,15,independiente,alta,Otro,54,1,Piura,Gobierno Regional,Solo visualizador,1
HIST-16,5,18,independiente,alta,Arquitecto,167,1,Cusco,Ministerios/Poder Ejecutivo,Otro,1
HIST-17,4,10,independiente,nula,Administrador,176,0,Cusco,Organismos Autónomos,Otro,0
HIST-18,5,18,sector_publico,alta,Economista,78,0,Lima,Municipalidades,Finalista/Seleccionado,1
HIST-19,4,15,sector_publico,media,Economista,165,1,Lima,Organismos Autónomos,Solo visualizador,1
HIST-20,3,18,sector_publico,nula,Medico,71,1,Cusco,Gobierno Regional,Finalista/Seleccionado,1
HIST-21,2,7,sector_privado,alta,Arquitecto,161,1,Piura,Gobierno Regional,Otro,0
HIST-22,9,16,sector_privado,media,Otro,136,0,Arequipa,Municipalidades,Finalista/Seleccionado,0
HIST-23,0,7,independiente,media,Administrador,29,1,Callao,Ministerios/Poder Ejecutivo,Solo visualizador,0
HIST-24,8,6,sector_privado,alta,Otro,86,1,Callao,Organismos Autónomos,Otro,1
HIST-25,8,2,sector_publico,alta,Otro,115,0,Lima,Organismos Autónomos,Solo visualizador,0
HIST-26,10,19,sector_publico,nula,Profesor,70,0,Otro,Otro,Otro,1
HIST-27,8,9,sector_privado,alta,Administrador,5,1,Arequipa,Municipalidades,Otro,1
HIST-28,7,19,sector_publico,alta,Administrador,45,1,Arequipa,Otro,Postulante frecuente,1
HIST-29,2,13,sector_privado,nula,Otro,12,1,Lima,Gobierno Regional,Postulante frecuente,1
HIST-30,6,7,independiente,alta,Profesor,115,0,Arequipa,Ministerios/Poder Ejecutivo,Solo visualizador,0
HIST-31,8,17,independiente,nula,Abogado,161,1,Otro,Otro,Postulante frecuente,1
HIST-32,3,12,independiente,alta,Otro,131,0,Lima,Organismos Autónomos,Otro,0
HIST-33,9,20,sector_publico,alta,Profesor,15,0,Callao,Organismos Autónomos,Solo visualizador,0
HIST-34,0,10,sector_privado,media,Abogado,115,1,Arequipa,Gobierno Regional,Solo visualizador,0
HIST-35,3,20,sector_publico,nula,Abogado,56,1,Piura,Ministerios/Poder Ejecutivo,Finalista/Seleccionado,1
HIST-36,9,19,sector_privado,nula,Arquitecto,91,1,Arequipa,Organismos Autónomos,Postulante frecuente,1
HIST-37,6,16,sector_privado,alta,Administrador,48,0,Callao,Organismos Autónomos,Solo visualizador,0
HIST-38,8,13,sector_publico,alta,Medico,136,0,Piura,Organismos Autónomos,Finalista/Seleccionado,0
HIST-39,5,12,sector_privado,alta,Medico,117,1,Callao,Ministerios/Poder Ejecutivo,Postulante frecuente,1
HIST-40,4,9,sector_publico,media,Economista,144,1,Lima,Otro,Solo visualizador,1
HIST-41,10,12,independiente,media,Contador,79,0,Arequipa,Gobierno Regional,Postulante frecuente,0
HIST-42,6,3,sector_publico,nula,Arquitecto,100,0,Cusco,Organismos Autónomos,Otro,0
HIST-43,4,12,sector_privado,media,Profesor,114,0,Lima,Ministerios/Poder Ejecutivo,Finalista/Seleccionado,0
HIST-44,5,15,sector_privado,media,Medico,55,1,Otro,Organismos Autónomos,Postulante frecuente,1
HIST-45,9,6,sector_publico,nula,Economista,16,0,Otro,Otro,Solo visualizador,1
HIST-46,3,16,sector_publico,alta,Ingeniero,75,1,Callao,Gobierno Regional,Solo visualizador,1
HIST-47,0,1,sector_privado,nula,Otro,124,0,Cusco,Ministerios/Poder Ejecutivo,Otro,0
HIST-48,9,4,sector_privado,nula,Medico,163,1,Cusco,Otro,Postulante frecuente,1
HIST-49,8,2,sector_privado,alta,Abogado,47,0,Otro,Otro,Finalista/Seleccionado,0
HIST-50,5,20,independiente,media,Economista,88,1,Cusco,Organismos Autónomos,Finalista/Seleccionado,1
HIST-51,8,5,independiente,alta,Profesor,145,1,Piura,Otro,Postulante frecuente,1
HIST-52,10,4,independiente,media,Economista,37,0,Piura,Otro,Solo visualizador,0
HIST-53,0,1,independiente,alta,Otro,54,1,Otro,Organismos Autónomos,Postulante frecuente,0
HIST-54,8,17,independiente,media,Arquitecto,157,1,Piura,Gobierno Regional,Postulante frecuente,1
HIST-55,8,17,sector_publico,nula,Abogado,162,1,Lima,Municipalidades,Finalista/Seleccionado,1
HIST-56,8,2,independiente,nula,Abogado,29,0,Otro,Organismos Autónomos,Postulante frecuente,0
HIST-57,7,18,independiente,alta,Otro,77,1,Callao,Gobierno Regional,Finalista/Seleccionado,1
HIST-58,6,4,independiente,nula,Ingeniero,11,0,Callao,Ministerios/Poder Ejecutivo,Postulante frecuente,1
HIST-59,2,19,sector_privado,nula,Abogado,26,1,Callao,Organismos Autónomos,Finalista/Seleccionado,0
HIST-60,0,10,sector_privado,alta,Contador,39,0,Arequipa,Otro,Postulante frecuente,0
HIST-61,6,0,independiente,nula,Economista,95,1,Lima,Ministerios/Poder Ejecutivo,Otro,0
HIST-62,10,9,sector_privado,nula,Profesor,110,0,Otro,Otro,Otro,0
HIST-63,2,15,sector_privado,media,Contador,9,0,Arequipa,Otro,Postulante frecuente,0
HIST-64,2,9,sector_privado,media,Arquitecto,161,0,Lima,Ministerios/Poder Ejecutivo,Solo visualizador,0
HIST-65,4,6,sector_publico,media,Medico,59,0,Callao,Municipalidades,Solo visualizador,0
HIST-66,6,18,sector_privado,alta,Medico,1,0,Lima,Organismos Autónomos,Otro,1
HIST-67,9,10,sector_publico,alta,Ingeniero,114,0,Arequipa,Gobierno Regional,Solo visualizador,1
HIST-68,2,0,sector_publico,alta,Abogado,104,0,Otro,Otro,Finalista/Seleccionado,0
HIST-69,7,9,independiente,alta,Profesor,48,0,Otro,Municipalidades,Postulante frecuente,0
HIST-70,6,17,sector_publico,nula,Abogado,152,0,Piura,Municipalidades,Otro,1
HIST-71,9,8,independiente,alta,Otro,127,1,Cusco,Otro,Solo visualizador,1
HIST-72,8,15,independiente,alta,Profesor,85,1,Otro,Ministerios/Poder Ejecutivo,Otro,1
HIST-73,7,16,sector_privado,alta,Profesor,109,1,Lima,Gobierno Regional,Postulante frecuente,1
HIST-74,6,2,sector_privado,media,Arquitecto,43,0,Callao,Gobierno Regional,Solo visualizador,0
HIST-75,8,2,independiente,alta,Ingeniero,18,0,Lima,Ministerios/Poder Ejecutivo,Otro,0
HIST-76,3,8,sector_publico,media,Abogado,115,1,Lima,Municipalidades,Postulante frecuente,1
HIST-77,4,8,independiente,media,Medico,72,0,Lima,Gobierno Regional,Finalista/Seleccionado,0
HIST-78,3,1,independiente,nula,Otro,60,1,Callao,Organismos Autónomos,Postulante frecuente,1
HIST-79,4,8,sector_privado,media,Otro,130,0,Piura,Gobierno Regional,Finalista/Seleccionado,0
HIST-80,7,20,sector_privado,nula,Abogado,67,0,Lima,Gobierno Regional,Solo visualizador,0
HIST-81,6,16,sector_publico,alta,Economista,116,0,Arequipa,Gobierno Regional,Otro,1
HIST-82,8,13,sector_privado,media,Economista,72,1,Otro,Organismos Autónomos,Solo visualizador,1
HIST-83,9,5,sector_publico,nula,Otro,76,1,Cusco,Gobierno Regional,Solo visualizador,1
HIST-84,0,2,independiente,nula,Ingeniero,97,1,Callao,Otro,Postulante frecuente,0
HIST-85,6,14,sector_publico,nula,Medico,25,0,Piura,Otro,Postulante frecuente,1
HIST-86,2,9,sector_publico,nula,Ingeniero,43,0,Arequipa,Otro,Solo visualizador,0
HIST-87,4,20,sector_publico,media,Profesor,137,1,Lima,Gobierno Regional,Finalista/Seleccionado,1
HIST-88,2,6,sector_publico,alta,Otro,173,0,Otro,Municipalidades,Otro,0
HIST-89,5,10,sector_publico,media,Ingeniero,106,0,Cusco,Ministerios/Poder Ejecutivo,Otro,1
HIST-90,4,12,independiente,alta,Abogado,49,0,Cusco,Municipalidades,Finalista/Seleccionado,1
HIST-91,0,14,independiente,nula,Medico,42,0,Piura,Ministerios/Poder Ejecutivo,Solo visualizador,0
HIST-92,10,11,independiente,alta,Economista,174,0,Lima,Ministerios/Poder Ejecutivo,Otro,0
HIST-93,4,10,sector_publico,media,Administrador,56,1,Callao,Gobierno Regional,Solo visualizador,1
HIST-94,1,18,sector_publico,media,Ingeniero,106,1,Arequipa,Gobierno Regional,Postulante frecuente,1
HIST-95,6,2,independiente,alta,Economista,135,1,Cusco,Gobierno Regional,Otro,0
HIST-96,7,2,sector_privado,alta,Ingeniero,51,0,Lima,Gobierno Regional,Postulante frecuente,0
HIST-97,2,5,sector_privado,media,Abogado,109,0,Otro,Municipalidades,Solo visualizador,0
HIST-98,7,12,sector_publico,alta,Abogado,128,1,Callao,Gobierno Regional,Solo visualizador,1
HIST-99,8,13,sector_publico,alta,Ingeniero,180,0,Cusco,Ministerios/Poder Ejecutivo,Postulante frecuente,1
HIST-100,3,15,sector_publico,nula,Ingeniero,47,0,Callao,Municipalidades,Otro,1
HIST-101,6,8,sector_publico,alta,Contador,71,1,Cusco,Organismos Autónomos,Postulante frecuente,1
HIST-102,5,13,sector_privado,alta,Abogado,96,0,Lima,Otro,Otro,1
HIST-103,5,6,sector_privado,alta,Administrador,81,0,Otro,Gobierno Regional,Finalista/Seleccionado,0
HIST-104,2,20,sector_publico,nula,Medico,142,1,Otro,Ministerios/Poder Ejecutivo,Otro,0
HIST-105,6,6,sector_publico,nula,Administrador,54,1,Piura,Gobierno Regional,Postulante frecuente,1
HIST-106,6,13,sector_publico,media,Administrador,133,1,Callao,Municipalidades,Otro,1
HIST-107,2,1,independiente,nula,Ingeniero,20,1,Otro,Ministerios/Poder Ejecutivo,Solo visualizador,0
HIST-108,0,12,sector_publico,alta,Contador,52,1,Otro,Otro,Finalista/Seleccionado,0
HIST-109,10,12,sector_publico,media,Contador,146,1,Lima,Organismos Autónomos,Solo visualizador,1
HIST-110,1,20,independiente,media,Economista,135,1,Otro,Municipalidades,Solo visualizador,0
HIST-111,9,6,sector_privado,nula,Profesor,120,0,Cusco,Organismos Autónomos,Otro,0
HIST-112,3,13,independiente,alta,Ingeniero,163,0,Piura,Ministerios/Poder Ejecutivo,Otro,1
HIST-113,2,5,independiente,media,Otro,71,1,Otro,Municipalidades,Postulante frecuente,0
HIST-114,8,12,independiente,media,Contador,93,1,Arequipa,Ministerios/Poder Ejecutivo,Solo visualizador,1
HIST-115,3,15,sector_publico,media,Profesor,75,1,Cusco,Organismos Autónomos,Otro,1
HIST-116,6,6,sector_privado,nula,Contador,57,1,Lima,Gobierno Regional,Postulante frecuente,1
HIST-117,1,12,sector_privado,media,Administrador,69,1,Arequipa,Municipalidades,Postulante frecuente,1
HIST-118,6,15,independiente,nula,Abogado,118,1,Callao,Ministerios/Poder Ejecutivo,Solo visualizador,1
HIST-119,1,17,sector_privado,nula,Economista,112,1,Piura,Gobierno Regional,Solo visualizador,0
HIST-120,7,5,independiente,alta,Ingeniero,42,0,Callao,Municipalidades,Postulante frecuente,0
HIST-121,5,7,independiente,media,Abogado,43,0,Callao,Organismos Autónomos,Otro,0
HIST-122,1,3,independiente,media,Contador,162,0,Otro,Organismos Autónomos,Solo visualizador,0
HIST-123,1,19,sector_privado,media,Contador,18,0,Otro,Otro,Finalista/Seleccionado,0
HIST-124,0,7,sector_privado,nula,Administrador,96,1,Piura,Ministerios/Poder Ejecutivo,Otro,0
HIST-125,4,6,sector_publico,nula,Administrador,10,1,Piura,Organismos Autónomos,Finalista/Seleccionado,1
HIST-126,3,14,sector_privado,media,Abogado,33,0,Arequipa,Municipalidades,Solo visualizador,0
HIST-127,2,8,sector_privado,media,Economista,142,0,Piura,Gobierno Regional,Otro,0
HIST-128,0,8,sector_privado,nula,Ingeniero,93,0,Cusco,Ministerios/Poder Ejecutivo,Finalista/Seleccionado,0
HIST-129,1,18,sector_publico,nula,Abogado,141,1,Callao,Municipalidades,Solo visualizador,0
HIST-130,0,2,sector_publico,alta,Medico,145,0,Lima,Ministerios/Poder Ejecutivo,Otro,0
HIST-131,3,14,sector_privado,nula,Ingeniero,64,0,Callao,Gobierno Regional,Finalista/Seleccionado,0
HIST-132,0,18,sector_privado,alta,Administrador,161,0,Lima,Ministerios/Poder Ejecutivo,Finalista/Seleccionado,0
HIST-133,6,18,independiente,media,Abogado,156,1,Arequipa,Gobierno Regional,Finalista/Seleccionado,1
HIST-134,10,1,sector_privado,media,Profesor,10,1,Lima,Ministerios/Poder Ejecutivo,Solo visualizador,1
HIST-135,7,3,sector_privado,alta,Profesor,48,0,Otro,Gobierno Regional,Postulante frecuente,0
HIST-136,5,8,sector_publico,nula,Ingeniero,35,0,Callao,Organismos Autónomos,Finalista/Seleccionado,1
HIST-137,10,20,sector_privado,nula,Abogado,50,0,Piura,Ministerios/Poder Ejecutivo,Solo visualizador,0
HIST-138,9,7,sector_publico,alta,Profesor,3,0,Otro,Municipalidades,Postulante frecuente,1
HIST-139,0,1,independiente,media,Abogado,115,0,Callao,Otro,Postulante frecuente,0
HIST-140,4,8,sector_privado,media,Economista,81,1,Lima,Municipalidades,Otro,1
HIST-141,3,18,independiente,media,Contador,104,0,Otro,Otro,Finalista/Seleccionado,0
HIST-142,9,1,sector_publico,media,Economista,115,0,Callao,Organismos Autónomos,Finalista/Seleccionado,1
HIST-143,4,12,independiente,alta,Abogado,3,0,Cusco,Gobierno Regional,Finalista/Seleccionado,1
HIST-144,3,0,independiente,media,Arquitecto,46,1,Otro,Municipalidades,Postulante frecuente,1
HIST-145,2,15,independiente,media,Arquitecto,2,0,Lima,Organismos Autónomos,Postulante frecuente,0
HIST-146,8,10,sector_privado,media,Medico,91,0,Piura,Ministerios/Poder Ejecutivo,Otro,0
HIST-147,10,17,sector_privado,media,Economista,169,1,Lima,Gobierno Regional,Finalista/Seleccionado,1
HIST-148,1,20,independiente,alta,Otro,29,0,Arequipa,Municipalidades,Solo visualizador,0
HIST-149,7,14,sector_publico,media,Arquitecto,24,1,Callao,Ministerios/Poder Ejecutivo,Finalista/Seleccionado,1
HIST-150,5,15,sector_publico,alta,Economista,14,0,Otro,Ministerios/Poder Ejecutivo,Solo visualizador,1
HIST-151,8,3,sector_publico,alta,Arquitecto,97,0,Lima,Municipalidades,Solo visualizador,1
HIST-152,8,18,sector_privado,nula,Contador,139,1,Cusco,Otro,Postulante frecuente,1
HIST-153,7,11,sector_privado,alta,Medico,59,1,Arequipa,Organismos Autónomos,Finalista/Seleccionado,1
HIST-154,7,4,independiente,media,Economista,15,1,Otro,Otro,Finalista/Seleccionado,0
HIST-155,9,17,sector_privado,media,Profesor,78,1,Arequipa,Otro,Otro,1
HIST-156,7,19,sector_privado,media,Economista,170,0,Arequipa,Organismos Autónomos,Postulante frecuente,1
HIST-157,2,16,sector_publico,nula,Abogado,48,1,Arequipa,Otro,Finalista/Seleccionado,0
HIST-158,7,16,sector_privado,media,Otro,130,1,Piura,Ministerios/Poder Ejecutivo,Otro,1
HIST-159,3,9,sector_privado,nula,Contador,6,1,Otro,Otro,Solo visualizador,1
HIST-160,5,14,sector_privado,alta,Administrador,95,0,Piura,Ministerios/Poder Ejecutivo,Postulante frecuente,1
HIST-161,0,6,sector_publico,nula,Contador,133,1,Lima,Organismos Autónomos,Solo visualizador,0
HIST-162,1,7,sector_publico,nula,Otro,36,0,Otro,Municipalidades,Otro,0
HIST-163,7,2,sector_privado,nula,Administrador,150,1,Otro,Gobierno Regional,Finalista/Seleccionado,1
HIST-164,10,8,independiente,nula,Arquitecto,124,1,Otro,Ministerios/Poder Ejecutivo,Postulante frecuente,1
HIST-165,9,9,sector_publico,nula,Otro,150,0,Lima,Organismos Autónomos,Postulante frecuente,1
HIST-166,1,8,independiente,nula,Economista,24,0,Arequipa,Organismos Autónomos,Solo visualizador,0
HIST-167,0,8,sector_publico,media,Abogado,155,1,Otro,Gobierno Regional,Finalista/Seleccionado,0
HIST-168,6,8,sector_privado,nula,Arquitecto,120,1,Cusco,Otro,Solo visualizador,1
HIST-169,10,9,independiente,media,Medico,50,1,Lima,Otro,Finalista/Seleccionado,1
HIST-170,5,15,sector_privado,nula,Profesor,156,0,Callao,Ministerios/Poder Ejecutivo,Finalista/Seleccionado,0
HIST-171,1,18,independiente,alta,Profesor,30,0,Otro,Otro,Otro,0
HIST-172,1,4,sector_publico,media,Arquitecto,104,0,Cusco,Ministerios/Poder Ejecutivo,Postulante frecuente,0
HIST-173,10,5,sector_publico,nula,Medico,146,1,Otro,Municipalidades,Finalista/Seleccionado,1
HIST-174,4,9,sector_privado,nula,Administrador,62,0,Piura,Organismos Autónomos,Otro,0
HIST-175,1,17,sector_privado,media,Administrador,116,1,Callao,Municipalidades,Otro,0
HIST-176,6,2,sector_privado,alta,Otro,128,1,Cusco,Gobierno Regional,Postulante frecuente,1
HIST-177,0,9,sector_privado,nula,Profesor,124,0,Arequipa,Ministerios/Poder Ejecutivo,Finalista/Seleccionado,0
HIST-178,1,6,independiente,alta,Administrador,89,1,Arequipa,Organismos Autónomos,Finalista/Seleccionado,0
HIST-179,0,3,sector_privado,media,Profesor,128,0,Callao,Municipalidades,Solo visualizador,0
HIST-180,1,16,sector_publico,nula,Medico,64,0,Piura,Gobierno Regional,Finalista/Seleccionado,0
HIST-181,3,9,sector_privado,media,Abogado,101,1,Arequipa,Municipalidades,Finalista/Seleccionado,1
HIST-182,8,18,sector_privado,nula,Arquitecto,132,0,Cusco,Gobierno Regional,Finalista/Seleccionado,0
HIST-183,3,11,sector_publico,alta,Contador,164,0,Otro,Organismos Autónomos,Finalista/Seleccionado,1
HIST-184,9,3,sector_publico,media,Economista,154,1,Otro,Otro,Solo visualizador,1
HIST-185,0,19,independiente,nula,Medico,66,1,Arequipa,Gobierno Regional,Postulante frecuente,0
HIST-186,2,19,independiente,nula,Economista,123,1,Callao,Organismos Autónomos,Postulante frecuente,0
HIST-187,5,16,independiente,media,Administrador,168,1,Otro,Gobierno Regional,Otro,1
HIST-188,3,8,sector_publico,nula,Ingeniero,74,1,Arequipa,Gobierno Regional,Finalista/Seleccionado,1
HIST-189,2,7,independiente,media,Contador,58,1,Arequipa,Ministerios/Poder Ejecutivo,Finalista/Seleccionado,0
HIST-190,0,5,independiente,media,Ingeniero,114,0,Otro,Municipalidades,Otro,0
HIST-191,7,0,sector_publico,alta,Ingeniero,89,0,Piura,Gobierno Regional,Postulante frecuente,0
HIST-192,1,7,sector_publico,media,Administrador,105,1,Cusco,Otro,Solo visualizador,0
HIST-193,2,16,independiente,media,Administrador,156,0,Callao,Organismos Autónomos,Solo visualizador,0
HIST-194,7,6,independiente,nula,Economista,79,1,Arequipa,Organismos Autónomos,Postulante frecuente,1
HIST-195,7,11,independiente,media,Abogado,49,0,Piura,Gobierno Regional,Finalista/Seleccionado,0
HIST-196,7,0,independiente,alta,Medico,128,1,Lima,Ministerios/Poder Ejecutivo,Postulante frecuente,1
HIST-197,1,20,independiente,nula,Arquitecto,103,0,Callao,Organismos Autónomos,Solo visualizador,0
HIST-198,10,20,sector_privado,media,Contador,146,0,Arequipa,Otro,Finalista/Seleccionado,0
HIST-199,10,14,independiente,nula,Otro,13,1,Cusco,Organismos Autónomos,Otro,1
HIST-200,3,14,sector_publico,alta,Medico,156,1,Otro,Organismos Autónomos,Postulante frecuente,1
HIST-201,1,18,independiente,media,Contador,102,1,Callao,Gobierno Regional,Finalista/Seleccionado,0
HIST-202,10,7,independiente,alta,Ingeniero,178,0,Callao,Municipalidades,Postulante frecuente,1
HIST-203,3,11,independiente,nula,Profesor,142,1,Piura,Ministerios/Poder Ejecutivo,Finalista/Seleccionado,1
HIST-204,0,16,sector_publico,alta,Profesor,180,0,Otro,Municipalidades,Postulante frecuente,0
HIST-205,7,13,sector_privado,media,Medico,18,0,Cusco,Ministerios/Poder Ejecutivo,Otro,0
HIST-206,10,11,independiente,nula,Administrador,69,0,Cusco,Organismos Autónomos,Solo visualizador,0
HIST-207,9,14,sector_privado,nula,Abogado,76,0,Otro,Organismos Autónomos,Otro,0
HIST-208,8,20,independiente,media,Administrador,55,1,Cusco,Organismos Autónomos,Otro,1
HIST-209,1,4,sector_publico,media,Medico,32,0,Arequipa,Otro,Solo visualizador,0
HIST-210,10,13,sector_privado,media,Ingeniero,96,1,Otro,Ministerios/Poder Ejecutivo,Postulante frecuente,1
HIST-211,5,10,sector_publico,nula,Contador,53,0,Arequipa,Organismos Autónomos,Finalista/Seleccionado,1
HIST-212,2,20,independiente,media,Abogado,15,1,Callao,Municipalidades,Otro,0
HIST-213,10,17,sector_privado,nula,Economista,73,0,Lima,Ministerios/Poder Ejecutivo,Postulante frecuente,1
HIST-214,1,11,independiente,nula,Otro,59,0,Cusco,Municipalidades,Otro,0
HIST-215,1,8,independiente,nula,Arquitecto,68,1,Cusco,Organismos Autónomos,Otro,0
HIST-216,9,14,sector_privado,media,Arquitecto,173,1,Piura,Organismos Autónomos,Otro,1
HIST-217,8,13,sector_privado,alta,Administrador,43,1,Callao,Otro,Otro,1
HIST-218,4,5,sector_privado,media,Administrador,46,1,Cusco,Municipalidades,Otro,1
HIST-219,9,3,independiente,nula,Ingeniero,154,1,Lima,Municipalidades,Otro,1
HIST-220,2,6,sector_privado,media,Arquitecto,118,1,Arequipa,Otro,Postulante frecuente,0
HIST-221,0,15,independiente,nula,Medico,76,1,Piura,Otro,Finalista/Seleccionado,0
HIST-222,10,10,sector_publico,media,Ingeniero,178,0,Cusco,Municipalidades,Solo visualizador,1
HIST-223,0,19,sector_publico,nula,Contador,119,0,Otro,Ministerios/Poder Ejecutivo,Postulante frecuente,0
HIST-224,10,4,independiente,alta,Arquitecto,24,0,Piura,Organismos Autónomos,Otro,0
HIST-225,2,1,sector_publico,nula,Medico,56,1,Callao,Ministerios/Poder Ejecutivo,Postulante frecuente,0
HIST-226,5,11,sector_publico,alta,Otro,111,0,Otro,Organismos Autónomos,Solo visualizador,1
HIST-227,7,11,independiente,media,Arquitecto,136,0,Callao,Organismos Autónomos,Solo visualizador,0
HIST-228,2,10,sector_privado,alta,Arquitecto,106,0,Arequipa,Organismos Autónomos,Postulante frecuente,0
HIST-229,7,16,sector_privado,nula,Economista,42,1,Arequipa,Organismos Autónomos,Postulante frecuente,1
HIST-230,4,8,sector_privado,nula,Contador,140,1,Otro,Otro,Otro,1
HIST-231,0,10,independiente,alta,Economista,153,1,Lima,Gobierno Regional,Solo visualizador,0
HIST-232,0,1,independiente,alta,Economista,155,0,Arequipa,Ministerios/Poder Ejecutivo,Postulante frecuente,0
HIST-233,1,9,sector_privado,nula,Administrador,97,1,Arequipa,Organismos Autónomos,Solo visualizador,0
HIST-234,7,5,sector_publico,nula,Arquitecto,180,1,Otro,Municipalidades,Postulante frecuente,1
HIST-235,0,19,sector_privado,alta,Arquitecto,99,0,Piura,Organismos Autónomos,Postulante frecuente,0
HIST-236,9,4,sector_privado,media,Economista,89,0,Arequipa,Ministerios/Poder Ejecutivo,Postulante frecuente,0
HIST-237,9,17,sector_privado,media,Medico,176,1,Cusco,Organismos Autónomos,Finalista/Seleccionado,1
HIST-238,8,15,sector_publico,nula,Arquitecto,120,0,Lima,Organismos Autónomos,Finalista/Seleccionado,0
HIST-239,6,16,sector_publico,media,Contador,10,1,Piura,Gobierno Regional,Finalista/Seleccionado,1
HIST-240,7,5,sector_privado,media,Ingeniero,79,1,Lima,Organismos Autónomos,Solo visualizador,1
HIST-241,10,13,sector_privado,media,Medico,133,0,Callao,Gobierno Regional,Otro,0
HIST-242,3,0,sector_publico,media,Ingeniero,124,1,Callao,Gobierno Regional,Postulante frecuente,1
HIST-243,5,17,sector_publico,media,Arquitecto,50,0,Piura,Otro,Otro,1
HIST-244,1,16,sector_publico,media,Administrador,134,0,Cusco,Organismos Autónomos,Otro,0
HIST-245,6,8,sector_privado,alta,Arquitecto,167,0,Otro,Gobierno Regional,Finalista/Seleccionado,0
HIST-246,5,5,sector_privado,media,Ingeniero,27,1,Otro,Ministerios/Poder Ejecutivo,Solo visualizador,1
HIST-247,8,1,sector_privado,alta,Contador,67,0,Cusco,Organismos Autónomos,Finalista/Seleccionado,0
HIST-248,5,7,sector_privado,alta,Economista,103,1,Cusco,Ministerios/Poder Ejecutivo,Solo visualizador,1
HIST-249,3,19,sector_publico,nula,Abogado,132,0,Otro,Organismos Autónomos,Solo visualizador,1
HIST-250,6,4,sector_publico,media,Economista,110,1,Piura,Organismos Autónomos,Otro,1
HIST-251,2,20,sector_privado,alta,Administrador,115,1,Callao,Municipalidades,Solo visualizador,0
HIST-252,8,0,independiente,alta,Arquitecto,71,0,Arequipa,Otro,Finalista/Seleccionado,0
HIST-253,0,4,independiente,media,Profesor,20,1,Cusco,Ministerios/Poder Ejecutivo,Postulante frecuente,0
HIST-254,3,17,sector_privado,alta,Administrador,178,0,Arequipa,Otro,Solo visualizador,0
HIST-255,0,4,sector_publico,alta,Arquitecto,136,0,Piura,Municipalidades,Solo visualizador,0
HIST-256,3,20,sector_privado,nula,Profesor,129,1,Callao,Organismos Autónomos,Solo visualizador,1
HIST-257,10,5,sector_publico,media,Ingeniero,43,1,Callao,Municipalidades,Finalista/Seleccionado,1
HIST-258,2,6,sector_publico,nula,Contador,111,1,Piura,Otro,Solo visualizador,1
HIST-259,10,3,independiente,alta,Economista,120,1,Piura,Otro,Postulante frecuente,1
HIST-260,9,9,sector_publico,alta,Abogado,32,0,Cusco,Ministerios/Poder Ejecutivo,Solo visualizador,1
HIST-261,4,2,sector_privado,media,Ingeniero,155,1,Otro,Municipalidades,Otro,1
HIST-262,1,5,sector_privado,alta,Contador,50,1,Cusco,Gobierno Regional,Postulante frecuente,0
HIST-263,6,16,sector_privado,media,Economista,78,0,Piura,Organismos Autónomos,Finalista/Seleccionado,0
HIST-264,8,0,sector_publico,alta,Abogado,95,1,Otro,Municipalidades,Solo visualizador,1
HIST-265,4,17,independiente,alta,Arquitecto,97,1,Arequipa,Otro,Postulante frecuente,1
HIST-266,9,16,sector_publico,nula,Medico,125,1,Cusco,Municipalidades,Otro,1
HIST-267,1,16,sector_privado,nula,Administrador,3,1,Cusco,Municipalidades,Solo visualizador,0
HIST-268,8,11,sector_publico,nula,Administrador,43,1,Piura,Otro,Solo visualizador,1
HIST-269,0,5,sector_privado,media,Otro,87,0,Lima,Ministerios/Poder Ejecutivo,Solo visualizador,0
HIST-270,3,6,sector_privado,media,Economista,175,1,Callao,Organismos Autónomos,Postulante frecuente,1
HIST-271,9,3,sector_privado,nula,Otro,144,1,Piura,Otro,Solo visualizador,0
HIST-272,10,13,independiente,nula,Otro,42,1,Arequipa,Otro,Finalista/Seleccionado,1
HIST-273,3,1,sector_publico,media,Ingeniero,144,0,Arequipa,Municipalidades,Finalista/Seleccionado,0
HIST-274,0,13,sector_privado,alta,Economista,125,1,Cusco,Ministerios/Poder Ejecutivo,Solo visualizador,0
HIST-275,3,9,sector_privado,media,Arquitecto,153,0,Callao,Organismos Autónomos,Finalista/Seleccionado,0
HIST-276,7,15,sector_privado,media,Otro,135,0,Lima,Municipalidades,Finalista/Seleccionado,0
HIST-277,1,4,sector_publico,nula,Medico,99,0,Lima,Municipalidades,Otro,0
HIST-278,2,1,sector_privado,nula,Economista,144,0,Otro,Organismos Autónomos,Solo visualizador,0
HIST-279,10,12,sector_publico,alta,Contador,144,1,Lima,Municipalidades,Solo visualizador,1
HIST-280,8,15,sector_publico,nula,Medico,30,1,Otro,Municipalidades,Finalista/Seleccionado,1
HIST-281,3,12,independiente,alta,Profesor,149,0,Callao,Municipalidades,Solo visualizador,0
HIST-282,5,9,sector_publico,nula,Administrador,38,1,Callao,Organismos Autónomos,Finalista/Seleccionado,1
HIST-283,2,4,sector_privado,media,Profesor,13,0,Cusco,Ministerios/Poder Ejecutivo,Postulante frecuente,0
HIST-284,7,17,sector_publico,nula,Arquitecto,137,1,Arequipa,Ministerios/Poder Ejecutivo,Otro,1
HIST-285,8,16,independiente,alta,Profesor,141,0,Callao,Gobierno Regional,Otro,1
HIST-286,5,19,sector_privado,media,Otro,140,1,Callao,Municipalidades,Solo visualizador,1
HIST-287,9,0,sector_privado,nula,Economista,11,0,Lima,Gobierno Regional,Solo visualizador,0
HIST-288,1,1,independiente,alta,Medico,97,1,Lima,Otro,Otro,0
HIST-289,7,3,sector_publico,media,Contador,114,0,Cusco,Organismos Autónomos,Finalista/Seleccionado,1
HIST-290,6,6,sector_privado,alta,Administrador,25,1,Cusco,Organismos Autónomos,Otro,1
HIST-291,8,8,sector_privado,nula,Arquitecto,146,1,Piura,Organismos Autónomos,Otro,1
HIST-292,2,11,sector_privado,alta,Otro,45,1,Piura,Otro,Finalista/Seleccionado,0
HIST-293,0,13,independiente,media,Administrador,45,0,Piura,Gobierno Regional,Otro,0
HIST-294,6,17,independiente,nula,Arquitecto,179,1,Otro,Otro,Postulante frecuente,1
HIST-295,9,10,sector_publico,alta,Profesor,173,0,Piura,Ministerios/Poder Ejecutivo,Finalista/Seleccionado,1
HIST-296,4,10,sector_privado,nula,Arquitecto,30,1,Cusco,Otro,Solo visualizador,1
HIST-297,2,20,sector_publico,alta,Economista,19,0,Arequipa,Organismos Autónomos,Postulante frecuente,0
HIST-298,8,13,sector_privado,alta,Otro,157,0,Callao,Gobierno Regional,Postulante frecuente,0
HIST-299,1,9,sector_publico,media,Profesor,43,1,Piura,Otro,Solo visualizador,0
HIST-300,7,8,sector_privado,alta,Economista,89,0,Cusco,Ministerios/Poder Ejecutivo,Otro,0
HIST-301,3,14,independiente,alta,Ingeniero,137,1,Cusco,Otro,Finalista/Seleccionado,1
HIST-302,1,6,sector_privado,alta,Administrador,25,1,Arequipa,Municipalidades,Otro,0
HIST-303,1,4,independiente,alta,Arquitecto,88,1,Otro,Gobierno Regional,Otro,0
HIST-304,0,3,sector_privado,nula,Abogado,24,0,Lima,Otro,Postulante frecuente,0
HIST-305,1,1,sector_publico,media,Otro,31,1,Otro,Gobierno Regional,Otro,0
HIST-306,7,13,independiente,media,Medico,179,0,Cusco,Ministerios/Poder Ejecutivo,Postulante frecuente,0
HIST-307,7,10,sector_publico,media,Ingeniero,38,1,Otro,Otro,Solo visualizador,1
HIST-308,7,8,independiente,media,Arquitecto,12,0,Piura,Ministerios/Poder Ejecutivo,Finalista/Seleccionado,1
HIST-309,6,13,sector_privado,media,Economista,175,0,Otro,Ministerios/Poder Ejecutivo,Finalista/Seleccionado,0
HIST-310,1,2,sector_privado,alta,Contador,138,1,Piura,Otro,Otro,0
HIST-311,4,14,sector_publico,media,Profesor,39,1,Callao,Gobierno Regional,Otro,1
HIST-312,3,18,sector_privado,alta,Economista,89,1,Piura,Otro,Solo visualizador,1
HIST-313,5,8,sector_publico,alta,Profesor,131,1,Otro,Municipalidades,Finalista/Seleccionado,1
HIST-314,5,15,sector_publico,alta,Profesor,141,1,Lima,Organismos Autónomos,Otro,1
HIST-315,9,15,sector_publico,media,Administrador,9,0,Cusco,Gobierno Regional,Solo visualizador,1
HIST-316,9,0,sector_publico,nula,Abogado,90,1,Otro,Gobierno Regional,Postulante frecuente,1
HIST-317,1,13,sector_publico,alta,Administrador,2,0,Callao,Municipalidades,Solo visualizador,0
HIST-318,3,8,independiente,nula,Arquitecto,22,1,Cusco,Gobierno Regional,Otro,1
HIST-319,2,4,independiente,alta,Arquitecto,175,0,Callao,Municipalidades,Postulante frecuente,0
HIST-320,4,5,independiente,nula,Abogado,85,1,Cusco,Gobierno Regional,Solo visualizador,0
HIST-321,0,1,independiente,nula,Profesor,175,0,Lima,Otro,Solo visualizador,0
HIST-322,9,2,sector_privado,media,Otro,77,0,Piura,Gobierno Regional,Postulante frecuente,1
HIST-323,10,18,sector_privado,alta,Contador,162,0,Lima,Organismos Autónomos,Finalista/Seleccionado,1
HIST-324,6,8,sector_privado,media,Contador,76,1,Piura,Municipalidades,Solo visualizador,1
HIST-325,5,17,independiente,media,Medico,172,0,Otro,Otro,Solo visualizador,0
HIST-326,7,18,sector_publico,media,Abogado,53,0,Piura,Organismos Autónomos,Solo visualizador,1
HIST-327,1,3,independiente,alta,Ingeniero,138,1,Cusco,Ministerios/Poder Ejecutivo,Otro,0
HIST-328,6,17,independiente,media,Ingeniero,157,1,Callao,Otro,Postulante frecuente,1
HIST-329,6,8,independiente,nula,Economista,117,1,Arequipa,Ministerios/Poder Ejecutivo,Otro,1
HIST-330,8,19,sector_publico,nula,Administrador,11,0,Cusco,Organismos Autónomos,Solo visualizador,1
HIST-331,10,7,sector_publico,media,Administrador,156,0,Callao,Otro,Solo visualizador,0
HIST-332,1,11,sector_privado,alta,Administrador,32,1,Otro,Ministerios/Poder Ejecutivo,Otro,0
HIST-333,9,19,sector_privado,media,Arquitecto,19,0,Arequipa,Gobierno Regional,Postulante frecuente,1
HIST-334,9,8,sector_privado,media,Profesor,40,0,Arequipa,Otro,Postulante frecuente,1
HIST-335,5,17,independiente,nula,Administrador,130,0,Otro,Gobierno Regional,Finalista/Seleccionado,0
HIST-336,6,9,independiente,alta,Medico,16,0,Otro,Organismos Autónomos,Postulante frecuente,1
HIST-337,2,19,sector_privado,alta,Profesor,142,0,Callao,Organismos Autónomos,Postulante frecuente,0
HIST-338,5,4,independiente,alta,Economista,161,1,Callao,Gobierno Regional,Postulante frecuente,1
HIST-339,10,6,sector_privado,media,Abogado,22,1,Arequipa,Organismos Autónomos,Postulante frecuente,1
HIST-340,3,2,sector_privado,nula,Economista,82,0,Cusco,Otro,Finalista/Seleccionado,0
HIST-341,0,1,sector_publico,media,Administrador,74,0,Callao,Otro,Finalista/Seleccionado,0
HIST-342,9,10,independiente,alta,Arquitecto,101,1,Otro,Otro,Postulante frecuente,1
HIST-343,7,16,sector_publico,media,Arquitecto,8,1,Lima,Municipalidades,Otro,1
HIST-344,0,14,sector_privado,nula,Administrador,154,1,Cusco,Municipalidades,Finalista/Seleccionado,0
HIST-345,4,12,independiente,alta,Otro,43,0,Lima,Ministerios/Poder Ejecutivo,Finalista/Seleccionado,0
HIST-346,4,10,sector_publico,nula,Arquitecto,119,1,Callao,Gobierno Regional,Otro,1
HIST-347,7,18,sector_privado,media,Arquitecto,117,1,Cusco,Ministerios/Poder Ejecutivo,Solo visualizador,1
HIST-348,1,0,sector_publico,alta,Medico,29,0,Cusco,Gobierno Regional,Otro,0
HIST-349,1,9,sector_publico,alta,Abogado,28,1,Cusco,Gobierno Regional,Finalista/Seleccionado,1
HIST-350,10,0,sector_privado,nula,Ingeniero,160,1,Piura,Otro,Otro,1
HIST-351,2,9,sector_privado,alta,Economista,143,1,Lima,Municipalidades,Postulante frecuente,0
HIST-352,7,18,independiente,alta,Otro,98,0,Otro,Gobierno Regional,Finalista/Seleccionado,1
HIST-353,8,19,sector_privado,nula,Profesor,2,0,Piura,Municipalidades,Finalista/Seleccionado,1
HIST-354,0,4,sector_publico,alta,Economista,153,1,Piura,Gobierno Regional,Otro,0
HIST-355,8,0,independiente,media,Administrador,161,0,Arequipa,Municipalidades,Otro,0
HIST-356,4,4,sector_publico,media,Otro,114,1,Arequipa,Organismos Autónomos,Solo visualizador,1
HIST-357,3,6,independiente,media,Profesor,138,0,Callao,Otro,Otro,0
HIST-358,4,16,sector_publico,alta,Arquitecto,76,1,Cusco,Municipalidades,Finalista/Seleccionado,1
HIST-359,4,6,independiente,alta,Ingeniero,63,1,Piura,Organismos Autónomos,Solo visualizador,1
HIST-360,4,2,sector_privado,media,Arquitecto,41,0,Callao,Organismos Autónomos,Otro,0
HIST-361,3,19,sector_publico,media,Profesor,0,0,Piura,Municipalidades,Finalista/Seleccionado,1
HIST-362,5,16,sector_privado,nula,Contador,77,1,Piura,Otro,Finalista/Seleccionado,1
HIST-363,8,16,independiente,alta,Medico,53,1,Arequipa,Organismos Autónomos,Solo visualizador,1
HIST-364,9,15,sector_privado,alta,Contador,59,1,Cusco,Municipalidades,Solo visualizador,1
HIST-365,8,0,independiente,nula,Otro,136,1,Arequipa,Organismos Autónomos,Postulante frecuente,1
HIST-366,4,9,sector_privado,nula,Arquitecto,17,0,Cusco,Municipalidades,Solo visualizador,1
HIST-367,3,13,sector_publico,nula,Economista,78,0,Arequipa,Ministerios/Poder Ejecutivo,Otro,1
HIST-368,5,1,independiente,media,Administrador,79,1,Callao,Ministerios/Poder Ejecutivo,Finalista/Seleccionado,1
HIST-369,3,18,sector_privado,nula,Medico,132,0,Lima,Organismos Autónomos,Finalista/Seleccionado,1
HIST-370,8,14,sector_publico,alta,Profesor,70,1,Cusco,Otro,Finalista/Seleccionado,1
HIST-371,3,8,sector_privado,media,Arquitecto,149,1,Piura,Organismos Autónomos,Otro,1
HIST-372,0,12,independiente,alta,Profesor,88,1,Callao,Ministerios/Poder Ejecutivo,Postulante frecuente,1
HIST-373,0,17,sector_publico,nula,Ingeniero,120,1,Lima,Gobierno Regional,Solo visualizador,0
HIST-374,3,11,independiente,alta,Profesor,175,1,Arequipa,Organismos Autónomos,Finalista/Seleccionado,1
HIST-375,7,2,sector_privado,nula,Otro,171,1,Lima,Ministerios/Poder Ejecutivo,Otro,1
HIST-376,7,8,sector_privado,nula,Abogado,168,1,Piura,Ministerios/Poder Ejecutivo,Otro,1
HIST-377,9,11,sector_privado,media,Contador,64,0,Otro,Organismos Autónomos,Postulante frecuente,1
HIST-378,5,13,sector_privado,alta,Arquitecto,71,1,Lima,Organismos Autónomos,Finalista/Seleccionado,1
HIST-379,6,2,independiente,nula,Administrador,156,1,Piura,Municipalidades,Otro,0
HIST-380,5,7,independiente,nula,Contador,33,1,Cusco,Otro,Solo visualizador,1
HIST-381,7,4,sector_publico,alta,Abogado,114,0,Otro,Ministerios/Poder Ejecutivo,Solo visualizador,0
HIST-382,3,1,independiente,nula,Arquitecto,137,1,Callao,Otro,Finalista/Seleccionado,0
HIST-383,2,1,independiente,alta,Arquitecto,29,0,Piura,Municipalidades,Finalista/Seleccionado,0
HIST-384,7,6,sector_publico,alta,Administrador,161,0,Arequipa,Municipalidades,Solo visualizador,1
HIST-385,4,7,sector_privado,alta,Contador,30,1,Piura,Municipalidades,Otro,1
HIST-386,6,14,independiente,media,Contador,111,1,Piura,Gobierno Regional,Solo visualizador,1
HIST-387,9,7,sector_privado,alta,Contador,163,1,Cusco,Municipalidades,Solo visualizador,1
HIST-388,3,16,sector_publico,media,Contador,129,1,Callao,Gobierno Regional,Otro,1
HIST-389,5,18,sector_privado,nula,Economista,76,0,Lima,Ministerios/Poder Ejecutivo,Solo visualizador,0
HIST-390,2,16,sector_publico,alta,Administrador,34,0,Lima,Municipalidades,Solo visualizador,0
HIST-391,6,6,sector_publico,nula,Administrador,62,0,Cusco,Ministerios/Poder Ejecutivo,Solo visualizador,1
HIST-392,0,8,sector_privado,nula,Medico,79,0,Lima,Otro,Postulante frecuente,0
HIST-393,7,8,sector_privado,nula,Contador,108,1,Callao,Ministerios/Poder Ejecutivo,Postulante frecuente,1
HIST-394,3,14,sector_publico,nula,Abogado,78,0,Cusco,Ministerios/Poder Ejecutivo,Finalista/Seleccionado,0
HIST-395,3,17,sector_publico,nula,Ingeniero,61,1,Piura,Otro,Postulante frecuente,1
HIST-396,1,0,independiente,nula,Contador,115,1,Cusco,Organismos Autónomos,Postulante frecuente,0
HIST-397,9,17,sector_privado,media,Profesor,148,0,Otro,Ministerios/Poder Ejecutivo,Postulante frecuente,1
HIST-398,5,9,independiente,media,Arquitecto,1,0,Lima,Organismos Autónomos,Solo visualizador,1
HIST-399,7,9,independiente,nula,Otro,56,0,Otro,Ministerios/Poder Ejecutivo,Finalista/Seleccionado,0
HIST-400,9,6,independiente,alta,Contador,83,0,Piura,Municipalidades,Finalista/Seleccionado,0
HIST-401,4,10,independiente,media,Medico,165,0,Piura,Organismos Autónomos,Solo visualizador,0
HIST-402,6,0,sector_privado,media,Arquitecto,13,1,Arequipa,Ministerios/Poder Ejecutivo,Finalista/Seleccionado,1
HIST-403,1,8,sector_publico,media,Administrador,57,0,Piura,Otro,Finalista/Seleccionado,0
HIST-404,8,5,sector_privado,media,Profesor,9,0,Lima,Municipalidades,Solo visualizador,1
HIST-405,10,12,sector_privado,nula,Arquitecto,59,1,Callao,Organismos Autónomos,Finalista/Seleccionado,1
HIST-406,6,1,sector_privado,media,Abogado,166,0,Cusco,Ministerios/Poder Ejecutivo,Postulante frecuente,0
HIST-407,2,18,independiente,nula,Medico,29,0,Piura,Gobierno Regional,Postulante frecuente,0
HIST-408,10,11,independiente,media,Arquitecto,154,1,Arequipa,Organismos Autónomos,Solo visualizador,1
HIST-409,6,7,independiente,alta,Abogado,101,0,Piura,Gobierno Regional,Finalista/Seleccionado,1
HIST-410,7,9,sector_publico,nula,Medico,17,1,Piura,Otro,Otro,1
HIST-411,10,1,sector_privado,alta,Economista,134,1,Piura,Otro,Solo visualizador,1
HIST-412,7,3,sector_publico,alta,Ingeniero,23,0,Otro,Municipalidades,Postulante frecuente,1
HIST-413,8,2,independiente,nula,Economista,44,0,Piura,Ministerios/Poder Ejecutivo,Otro,0
HIST-414,5,2,sector_privado,nula,Administrador,81,1,Otro,Gobierno Regional,Postulante frecuente,1
HIST-415,9,19,sector_publico,alta,Economista,122,0,Callao,Otro,Otro,1
HIST-416,1,0,independiente,nula,Arquitecto,36,0,Lima,Organismos Autónomos,Solo visualizador,0
HIST-417,4,7,sector_privado,alta,Arquitecto,144,0,Otro,Gobierno Regional,Finalista/Seleccionado,0
HIST-418,3,8,sector_publico,media,Economista,4,1,Otro,Gobierno Regional,Otro,1
HIST-419,0,5,sector_privado,nula,Otro,109,0,Callao,Municipalidades,Solo visualizador,0
HIST-420,1,17,sector_privado,nula,Abogado,120,0,Cusco,Otro,Postulante frecuente,0
HIST-421,8,11,independiente,media,Economista,10,1,Arequipa,Otro,Finalista/Seleccionado,1
HIST-422,6,14,sector_privado,media,Otro,147,0,Piura,Otro,Postulante frecuente,1
HIST-423,0,11,independiente,media,Otro,102,0,Cusco,Ministerios/Poder Ejecutivo,Finalista/Seleccionado,0
HIST-424,1,10,independiente,nula,Medico,179,0,Piura,Gobierno Regional,Postulante frecuente,0
HIST-425,3,15,sector_publico,media,Abogado,107,1,Cusco,Otro,Otro,1
HIST-426,5,6,sector_privado,media,Economista,118,0,Callao,Otro,Postulante frecuente,0
HIST-427,8,11,sector_publico,nula,Medico,136,1,Piura,Municipalidades,Finalista/Seleccionado,1
HIST-428,1,2,independiente,alta,Profesor,95,1,Lima,Ministerios/Poder Ejecutivo,Postulante frecuente,0
HIST-429,1,19,sector_privado,media,Ingeniero,87,0,Piura,Gobierno Regional,Otro,0
HIST-430,9,17,sector_privado,media,Administrador,67,0,Callao,Municipalidades,Otro,0
HIST-431,5,8,independiente,media,Economista,92,1,Cusco,Otro,Solo visualizador,1
HIST-432,10,3,sector_publico,alta,Contador,154,1,Otro,Ministerios/Poder Ejecutivo,Solo visualizador,1
HIST-433,0,9,independiente,alta,Otro,99,1,Piura,Municipalidades,Postulante frecuente,0
HIST-434,9,16,sector_privado,alta,Contador,56,0,Piura,Organismos Autónomos,Postulante frecuente,1
HIST-435,0,5,independiente,nula,Otro,12,1,Cusco,Gobierno Regional,Finalista/Seleccionado,0
HIST-436,6,15,independiente,alta,Profesor,106,1,Piura,Otro,Finalista/Seleccionado,1
HIST-437,6,14,independiente,nula,Arquitecto,153,0,Callao,Municipalidades,Finalista/Seleccionado,0
HIST-438,4,16,sector_publico,nula,Administrador,38,0,Arequipa,Ministerios/Poder Ejecutivo,Otro,1
HIST-439,6,1,independiente,alta,Ingeniero,53,1,Piura,Gobierno Regional,Finalista/Seleccionado,0
HIST-440,6,0,independiente,nula,Contador,12,1,Piura,Gobierno Regional,Finalista/Seleccionado,1
HIST-441,4,2,sector_privado,media,Ingeniero,171,1,Piura,Municipalidades,Finalista/Seleccionado,0
HIST-442,3,14,sector_publico,nula,Medico,168,0,Lima,Gobierno Regional,Solo visualizador,0
HIST-443,6,19,independiente,nula,Otro,77,0,Lima,Gobierno Regional,Otro,0
HIST-444,9,10,sector_privado,alta,Arquitecto,113,0,Cusco,Gobierno Regional,Solo visualizador,0
HIST-445,2,10,sector_privado,alta,Arquitecto,153,0,Otro,Organismos Autónomos,Solo visualizador,0
HIST-446,2,18,sector_privado,nula,Administrador,19,0,Lima,Otro,Postulante frecuente,0
HIST-447,2,20,sector_publico,media,Arquitecto,176,0,Arequipa,Municipalidades,Solo visualizador,0
HIST-448,9,16,sector_privado,nula,Economista,99,0,Arequipa,Ministerios/Poder Ejecutivo,Otro,0
HIST-449,7,18,sector_publico,nula,Administrador,86,1,Piura,Gobierno Regional,Solo visualizador,1
HIST-450,6,4,independiente,alta,Ingeniero,26,0,Piura,Otro,Postulante frecuente,0
HIST-451,6,0,sector_privado,alta,Ingeniero,33,0,Otro,Gobierno Regional,Postulante frecuente,1
HIST-452,8,19,sector_publico,media,Arquitecto,106,0,Callao,Otro,Solo visualizador,0
HIST-453,3,11,sector_privado,alta,Arquitecto,170,0,Arequipa,Ministerios/Poder Ejecutivo,Otro,0
HIST-454,8,20,independiente,alta,Arquitecto,65,0,Callao,Otro,Otro,0
HIST-455,6,9,independiente,nula,Abogado,115,1,Callao,Municipalidades,Postulante frecuente,1
HIST-456,10,3,sector_privado,alta,Otro,139,0,Cusco,Organismos Autónomos,Postulante frecuente,0
HIST-457,3,9,sector_privado,media,Economista,144,1,Arequipa,Organismos Autónomos,Otro,1
HIST-458,9,9,sector_privado,media,Profesor,78,1,Piura,Ministerios/Poder Ejecutivo,Postulante frecuente,1
HIST-459,2,6,sector_privado,nula,Administrador,81,0,Callao,Gobierno Regional,Otro,0
HIST-460,9,2,sector_publico,nula,Arquitecto,122,0,Lima,Organismos Autónomos,Otro,0
HIST-461,10,19,independiente,media,Arquitecto,156,1,Arequipa,Municipalidades,Postulante frecuente,1
HIST-462,7,7,sector_privado,nula,Arquitecto,25,1,Lima,Ministerios/Poder Ejecutivo,Solo visualizador,1
HIST-463,10,4,independiente,nula,Economista,65,1,Lima,Organismos Autónomos,Postulante frecuente,1
HIST-464,1,5,independiente,alta,Administrador,90,1,Callao,Municipalidades,Solo visualizador,0
HIST-465,10,20,independiente,alta,Abogado,122,0,Lima,Otro,Otro,0
HIST-466,4,19,independiente,alta,Arquitecto,60,0,Cusco,Municipalidades,Solo visualizador,0
HIST-467,7,20,independiente,media,Administrador,27,1,Otro,Otro,Solo visualizador,1
HIST-468,5,2,sector_publico,alta,Ingeniero,62,0,Callao,Ministerios/Poder Ejecutivo,Solo visualizador,0
HIST-469,6,20,sector_publico,alta,Profesor,92,1,Arequipa,Organismos Autónomos,Finalista/Seleccionado,1
HIST-470,3,15,sector_privado,media,Economista,66,1,Arequipa,Otro,Otro,1
HIST-471,4,14,sector_privado,nula,Medico,62,1,Callao,Organismos Autónomos,Solo visualizador,1
HIST-472,9,1,sector_privado,nula,Ingeniero,71,1,Arequipa,Municipalidades,Otro,1
HIST-473,2,2,independiente,media,Profesor,146,1,Otro,Organismos Autónomos,Otro,0
HIST-474,4,5,sector_publico,alta,Arquitecto,160,0,Cusco,Municipalidades,Solo visualizador,1
HIST-475,9,6,sector_publico,nula,Economista,101,1,Otro,Otro,Otro,1
HIST-476,4,16,sector_privado,nula,Economista,141,0,Cusco,Ministerios/Poder Ejecutivo,Postulante frecuente,1
HIST-477,5,2,independiente,media,Economista,10,0,Otro,Ministerios/Poder Ejecutivo,Otro,1
HIST-478,8,4,sector_publico,alta,Contador,95,1,Lima,Gobierno Regional,Finalista/Seleccionado,1
HIST-479,6,19,sector_publico,alta,Economista,20,1,Cusco,Otro,Otro,1
HIST-480,0,7,sector_publico,media,Economista,113,1,Piura,Otro,Finalista/Seleccionado,1
HIST-481,10,19,sector_privado,media,Medico,77,1,Piura,Municipalidades,Solo visualizador,1
HIST-482,9,4,sector_publico,nula,Arquitecto,38,1,Piura,Ministerios/Poder Ejecutivo,Postulante frecuente,1
HIST-483,4,16,independiente,media,Economista,170,1,Otro,Municipalidades,Otro,1
HIST-484,0,4,independiente,nula,Economista,41,1,Lima,Gobierno Regional,Postulante frecuente,0
HIST-485,0,12,sector_publico,media,Arquitecto,28,0,Piura,Organismos Autónomos,Otro,0
HIST-486,7,10,independiente,media,Administrador,71,0,Arequipa,Otro,Solo visualizador,1
HIST-487,6,16,sector_publico,alta,Otro,88,1,Lima,Organismos Autónomos,Otro,1
HIST-488,4,17,sector_publico,nula,Medico,139,0,Lima,Otro,Solo visualizador,1
HIST-489,8,18,sector_privado,media,Otro,49,1,Arequipa,Gobierno Regional,Postulante frecuente,1
HIST-490,7,1,sector_publico,alta,Ingeniero,134,1,Callao,Ministerios/Poder Ejecutivo,Finalista/Seleccionado,1
HIST-491,7,4,independiente,nula,Contador,103,1,Otro,Gobierno Regional,Postulante frecuente,1
HIST-492,7,6,sector_privado,nula,Administrador,22,0,Arequipa,Organismos Autónomos,Finalista/Seleccionado,0
HIST-493,7,1,sector_publico,nula,Abogado,52,0,Arequipa,Ministerios/Poder Ejecutivo,Otro,0
HIST-494,0,15,sector_publico,alta,Medico,4,0,Cusco,Ministerios/Poder Ejecutivo,Finalista/Seleccionado,0
HIST-495,8,15,sector_privado,nula,Otro,81,1,Callao,Gobierno Regional,Postulante frecuente,1
HIST-496,3,9,sector_privado,nula,Contador,10,0,Otro,Municipalidades,Solo visualizador,1
HIST-497,5,14,sector_publico,media,Contador,18,0,Cusco,Municipalidades,Solo visualizador,1
HIST-498,9,12,independiente,media,Medico,52,1,Lima,Otro,Otro,1
HIST-499,4,3,independiente,alta,Otro,101,0,Callao,Organismos Autónomos,Finalista/Seleccionado,0
HIST-500,5,5,sector_publico,alta,Arquitecto,52,0,Lima,Gobierno Regional,Otro,1
HIST-501,7,5,sector_publico,alta,Ingeniero,171,0,Cusco,Municipalidades,Otro,1
HIST-502,10,17,sector_publico,nula,Administrador,103,1,Lima,Organismos Autónomos,Finalista/Seleccionado,1
HIST-503,4,8,sector_publico,alta,Arquitecto,27,0,Lima,Otro,Otro,1
HIST-504,7,15,independiente,media,Arquitecto,129,1,Otro,Gobierno Regional,Postulante frecuente,1
HIST-505,1,12,sector_publico,nula,Profesor,10,1,Lima,Otro,Otro,1
HIST-506,7,13,sector_publico,media,Arquitecto,152,1,Cusco,Otro,Postulante frecuente,1
HIST-507,3,18,sector_publico,alta,Contador,117,0,Callao,Municipalidades,Otro,1
HIST-508,5,9,sector_publico,alta,Ingeniero,49,1,Otro,Ministerios/Poder Ejecutivo,Finalista/Seleccionado,1
HIST-509,10,11,independiente,alta,Medico,173,1,Otro,Otro,Solo visualizador,1
HIST-510,6,1,sector_privado,media,Administrador,79,0,Piura,Municipalidades,Otro,0
HIST-511,0,1,independiente,nula,Abogado,158,0,Cusco,Organismos Autónomos,Postulante frecuente,0
HIST-512,8,18,independiente,alta,Profesor,12,1,Otro,Municipalidades,Postulante frecuente,1
HIST-513,7,17,sector_publico,nula,Profesor,84,1,Callao,Ministerios/Poder Ejecutivo,Otro,1
HIST-514,5,20,independiente,alta,Profesor,19,0,Lima,Gobierno Regional,Otro,1
HIST-515,7,18,sector_publico,media,Contador,163,0,Arequipa,Organismos Autónomos,Otro,1
HIST-516,0,12,independiente,media,Arquitecto,132,0,Callao,Organismos Autónomos,Postulante frecuente,0
HIST-517,9,20,sector_privado,media,Economista,43,0,Cusco,Ministerios/Poder Ejecutivo,Solo visualizador,0
HIST-518,3,2,independiente,media,Contador,71,1,Callao,Otro,Otro,0
HIST-519,2,11,sector_publico,alta,Medico,103,1,Piura,Municipalidades,Finalista/Seleccionado,0
HIST-520,0,6,independiente,nula,Profesor,134,0,Lima,Organismos Autónomos,Finalista/Seleccionado,0
HIST-521,1,1,sector_publico,alta,Profesor,139,0,Otro,Organismos Autónomos,Otro,0
HIST-522,0,3,sector_publico,media,Contador,97,0,Lima,Otro,Finalista/Seleccionado,0
HIST-523,8,6,sector_privado,nula,Profesor,157,1,Otro,Otro,Otro,1
HIST-524,9,2,independiente,nula,Profesor,114,0,Lima,Otro,Postulante frecuente,0
HIST-525,10,3,sector_privado,nula,Otro,165,1,Lima,Ministerios/Poder Ejecutivo,Otro,1
HIST-526,7,19,sector_privado,nula,Arquitecto,30,1,Otro,Municipalidades,Otro,1
HIST-527,10,16,sector_publico,media,Arquitecto,66,1,Piura,Otro,Otro,1
HIST-528,8,12,independiente,alta,Otro,99,1,Lima,Municipalidades,Otro,1
HIST-529,7,6,sector_publico,alta,Economista,36,0,Arequipa,Organismos Autónomos,Otro,1
HIST-530,6,19,sector_privado,alta,Ingeniero,90,0,Otro,Organismos Autónomos,Solo visualizador,1
HIST-531,10,0,sector_privado,media,Medico,169,0,Lima,Otro,Otro,0
HIST-532,9,2,sector_publico,nula,Abogado,44,1,Callao,Organismos Autónomos,Solo visualizador,1
HIST-533,2,7,independiente,nula,Administrador,47,0,Callao,Municipalidades,Finalista/Seleccionado,0
HIST-534,9,9,sector_privado,nula,Economista,90,1,Cusco,Organismos Autónomos,Otro,1
HIST-535,4,14,sector_privado,media,Administrador,6,0,Cusco,Ministerios/Poder Ejecutivo,Postulante frecuente,1
HIST-536,1,3,sector_privado,alta,Ingeniero,11,1,Lima,Otro,Finalista/Seleccionado,0
HIST-537,10,3,sector_privado,nula,Profesor,119,1,Callao,Otro,Otro,0
HIST-538,3,17,sector_privado,media,Economista,8,1,Cusco,Municipalidades,Solo visualizador,1
HIST-539,9,11,sector_publico,media,Abogado,30,0,Callao,Ministerios/Poder Ejecutivo,Solo visualizador,1
HIST-540,5,19,sector_privado,nula,Profesor,172,0,Callao,Otro,Finalista/Seleccionado,0
HIST-541,8,3,sector_privado,alta,Administrador,61,1,Lima,Municipalidades,Finalista/Seleccionado,1
HIST-542,8,17,sector_publico,media,Otro,7,0,Lima,Ministerios/Poder Ejecutivo,Otro,1
HIST-543,5,10,sector_privado,nula,Ingeniero,85,1,Cusco,Gobierno Regional,Otro,1
HIST-544,0,15,sector_privado,alta,Economista,17,1,Arequipa,Organismos Autónomos,Postulante frecuente,0
HIST-545,4,14,sector_privado,alta,Administrador,106,1,Cusco,Organismos Autónomos,Solo visualizador,1
HIST-546,4,1,sector_privado,media,Economista,119,0,Callao,Municipalidades,Postulante frecuente,0
HIST-547,5,11,sector_publico,media,Otro,172,1,Piura,Ministerios/Poder Ejecutivo,Postulante frecuente,1
HIST-548,4,13,independiente,alta,Arquitecto,0,1,Lima,Municipalidades,Otro,1
HIST-549,9,1,sector_publico,media,Medico,105,0,Lima,Municipalidades,Otro,0
HIST-550,0,9,sector_privado,media,Arquitecto,86,1,Callao,Otro,Finalista/Seleccionado,0
HIST-551,6,12,sector_publico,media,Economista,97,1,Cusco,Ministerios/Poder Ejecutivo,Solo visualizador,1
HIST-552,1,2,sector_publico,nula,Administrador,38,1,Arequipa,Municipalidades,Postulante frecuente,0
HIST-553,5,0,independiente,nula,Administrador,50,0,Lima,Gobierno Regional,Finalista/Seleccionado,0
HIST-554,8,16,sector_publico,media,Profesor,10,0,Cusco,Otro,Otro,1
HIST-555,2,15,independiente,alta,Arquitecto,125,1,Piura,Ministerios/Poder Ejecutivo,Finalista/Seleccionado,0
HIST-556,0,10,independiente,alta,Otro,12,1,Callao,Municipalidades,Solo visualizador,0
HIST-557,1,11,sector_privado,nula,Profesor,43,0,Cusco,Otro,Postulante frecuente,0
HIST-558,3,1,sector_publico,alta,Profesor,177,0,Otro,Gobierno Regional,Otro,1
HIST-559,3,18,sector_publico,alta,Medico,125,1,Cusco,Municipalidades,Postulante frecuente,1
HIST-560,4,6,sector_privado,nula,Economista,23,0,Piura,Municipalidades,Otro,0
HIST-561,8,8,independiente,media,Economista,19,0,Callao,Gobierno Regional,Solo visualizador,0
HIST-562,10,14,sector_privado,media,Arquitecto,7,1,Arequipa,Ministerios/Poder Ejecutivo,Solo visualizador,1
HIST-563,2,8,sector_publico,nula,Economista,9,1,Arequipa,Municipalidades,Solo visualizador,1
HIST-564,7,11,sector_privado,nula,Economista,158,0,Callao,Otro,Postulante frecuente,1
HIST-565,1,18,sector_publico,media,Arquitecto,121,1,Arequipa,Gobierno Regional,Finalista/Seleccionado,0
HIST-566,9,7,sector_privado,alta,Otro,10,1,Lima,Organismos Autónomos,Otro,1
HIST-567,0,8,sector_privado,media,Medico,86,1,Arequipa,Ministerios/Poder Ejecutivo,Finalista/Seleccionado,0
HIST-568,7,19,sector_publico,alta,Contador,59,1,Lima,Ministerios/Poder Ejecutivo,Otro,1
HIST-569,5,18,sector_privado,nula,Economista,161,1,Cusco,Otro,Finalista/Seleccionado,1
HIST-570,7,17,sector_publico,media,Medico,52,1,Arequipa,Municipalidades,Postulante frecuente,1
HIST-571,0,8,sector_privado,nula,Administrador,101,0,Cusco,Ministerios/Poder Ejecutivo,Finalista/Seleccionado,0
HIST-572,8,9,sector_privado,alta,Abogado,58,0,Piura,Gobierno Regional,Postulante frecuente,1
HIST-573,3,10,sector_privado,media,Economista,108,1,Arequipa,Organismos Autónomos,Otro,1
HIST-574,0,9,sector_privado,media,Arquitecto,29,0,Piura,Organismos Autónomos,Solo visualizador,0
HIST-575,9,12,independiente,nula,Abogado,75,0,Callao,Ministerios/Poder Ejecutivo,Otro,0
HIST-576,4,9,independiente,media,Abogado,166,1,Arequipa,Otro,Finalista/Seleccionado,1
HIST-577,7,14,sector_privado,alta,Otro,170,1,Piura,Gobierno Regional,Solo visualizador,1
HIST-578,6,16,independiente,alta,Contador,21,1,Piura,Otro,Otro,1
HIST-579,6,13,independiente,nula,Contador,69,1,Lima,Organismos Autónomos,Finalista/Seleccionado,1
HIST-580,4,3,independiente,alta,Administrador,170,0,Cusco,Otro,Otro,0
HIST-581,0,18,sector_publico,media,Abogado,55,0,Arequipa,Municipalidades,Solo visualizador,0
HIST-582,9,0,sector_privado,nula,Contador,133,1,Lima,Municipalidades,Postulante frecuente,1
HIST-583,3,12,independiente,alta,Profesor,128,1,Arequipa,Gobierno Regional,Postulante frecuente,1
HIST-584,0,4,independiente,nula,Economista,30,1,Lima,Municipalidades,Postulante frecuente,0
HIST-585,6,8,sector_publico,nula,Administrador,146,1,Piura,Gobierno Regional,Finalista/Seleccionado,1
HIST-586,0,13,independiente,alta,Abogado,117,1,Piura,Gobierno Regional,Solo visualizador,0
HIST-587,1,4,sector_publico,alta,Economista,160,1,Otro,Municipalidades,Solo visualizador,0
HIST-588,7,19,sector_publico,nula,Abogado,91,0,Cusco,Otro,Otro,0
HIST-589,6,13,sector_publico,alta,Medico,175,0,Otro,Organismos Autónomos,Solo visualizador,1
HIST-590,10,18,independiente,media,Economista,66,0,Callao,Ministerios/Poder Ejecutivo,Finalista/Seleccionado,0
HIST-591,3,3,sector_privado,nula,Abogado,105,1,Cusco,Otro,Finalista/Seleccionado,1
HIST-592,5,19,sector_privado,media,Profesor,22,0,Arequipa,Organismos Autónomos,Postulante frecuente,0
HIST-593,8,7,sector_publico,alta,Contador,65,1,Piura,Municipalidades,Postulante frecuente,1
HIST-594,0,10,sector_publico,media,Abogado,149,0,Callao,Gobierno Regional,Solo visualizador,0
HIST-595,2,15,sector_privado,alta,Otro,172,0,Cusco,Gobierno Regional,Otro,0
HIST-596,7,3,independiente,media,Arquitecto,89,0,Otro,Organismos Autónomos,Otro,0
HIST-597,6,15,sector_publico,alta,Economista,107,1,Lima,Ministerios/Poder Ejecutivo,Finalista/Seleccionado,1
HIST-598,6,20,sector_publico,nula,Ingeniero,164,1,Callao,Organismos Autónomos,Postulante frecuente,1
HIST-599,8,2,sector_privado,alta,Abogado,103,0,Lima,Organismos Autónomos,Otro,0
HIST-600,2,3,sector_publico,alta,Medico,177,1,Lima,Organismos Autónomos,Postulante frecuente,0
HIST-601,8,9,sector_publico,alta,Arquitecto,174,0,Callao,Municipalidades,Finalista/Seleccionado,1
HIST-602,2,19,independiente,media,Medico,155,1,Callao,Organismos Autónomos,Otro,0
HIST-603,6,6,sector_publico,nula,Administrador,39,1,Cusco,Municipalidades,Postulante frecuente,1
HIST-604,10,10,sector_privado,nula,Abogado,130,0,Cusco,Otro,Otro,0
HIST-605,1,11,independiente,media,Administrador,40,0,Piura,Otro,Solo visualizador,0
HIST-606,6,12,independiente,alta,Economista,90,0,Cusco,Gobierno Regional,Postulante frecuente,1
HIST-607,1,11,independiente,nula,Administrador,173,0,Lima,Otro,Otro,0
HIST-608,2,1,sector_privado,nula,Economista,80,0,Cusco,Ministerios/Poder Ejecutivo,Finalista/Seleccionado,0
HIST-609,4,8,independiente,alta,Contador,146,1,Lima,Municipalidades,Finalista/Seleccionado,1
HIST-610,1,20,independiente,media,Contador,132,0,Piura,Gobierno Regional,Postulante frecuente,0
HIST-611,6,14,sector_publico,alta,Otro,94,1,Lima,Otro,Postulante frecuente,1
HIST-612,0,0,sector_privado,nula,Arquitecto,25,0,Callao,Organismos Autónomos,Otro,0
HIST-613,2,15,sector_publico,media,Contador,24,0,Callao,Gobierno Regional,Otro,0
HIST-614,1,0,sector_publico,alta,Medico,83,1,Piura,Otro,Otro,0
HIST-615,10,20,sector_publico,media,Abogado,18,0,Otro,Otro,Finalista/Seleccionado,0
HIST-616,9,8,sector_publico,nula,Abogado,98,1,Cusco,Ministerios/Poder Ejecutivo,Finalista/Seleccionado,1
HIST-617,7,15,sector_privado,nula,Contador,164,1,Arequipa,Municipalidades,Solo visualizador,1
HIST-618,1,7,independiente,media,Abogado,164,0,Otro,Municipalidades,Otro,0
HIST-619,0,13,sector_publico,alta,Contador,58,1,Piura,Gobierno Regional,Postulante frecuente,0
HIST-620,9,17,sector_privado,nula,Administrador,57,1,Callao,Organismos Autónomos,Postulante frecuente,1
HIST-621,7,2,independiente,alta,Ingeniero,99,1,Otro,Municipalidades,Otro,1
HIST-622,10,9,sector_publico,nula,Profesor,93,0,Otro,Organismos Autónomos,Finalista/Seleccionado,0
HIST-623,8,17,independiente,nula,Profesor,57,0,Callao,Organismos Autónomos,Solo visualizador,0
HIST-624,8,13,sector_publico,media,Otro,10,1,Callao,Gobierno Regional,Solo visualizador,1
HIST-625,5,13,sector_publico,nula,Contador,113,0,Arequipa,Organismos Autónomos,Solo visualizador,1
HIST-626,6,9,sector_publico,alta,Administrador,105,0,Piura,Ministerios/Poder Ejecutivo,Postulante frecuente,1
HIST-627,9,1,independiente,alta,Profesor,95,1,Lima,Municipalidades,Solo visualizador,1
HIST-628,9,18,sector_privado,alta,Abogado,107,1,Otro,Municipalidades,Solo visualizador,1
HIST-629,3,5,independiente,alta,Administrador,117,0,Otro,Gobierno Regional,Postulante frecuente,0
HIST-630,0,6,sector_privado,media,Contador,105,1,Piura,Organismos Autónomos,Finalista/Seleccionado,0
HIST-631,7,17,sector_privado,nula,Otro,4,0,Piura,Municipalidades,Solo visualizador,1
HIST-632,2,2,sector_publico,alta,Otro,28,1,Lima,Otro,Otro,0
HIST-633,8,6,sector_publico,nula,Administrador,156,0,Lima,Organismos Autónomos,Postulante frecuente,1
HIST-634,4,7,sector_privado,nula,Contador,67,1,Cusco,Ministerios/Poder Ejecutivo,Solo visualizador,1
HIST-635,6,7,independiente,media,Economista,150,0,Lima,Municipalidades,Finalista/Seleccionado,0
HIST-636,10,20,sector_publico,nula,Contador,85,1,Arequipa,Gobierno Regional,Finalista/Seleccionado,1
HIST-637,5,4,sector_privado,media,Administrador,144,0,Arequipa,Gobierno Regional,Finalista/Seleccionado,0
HIST-638,10,0,independiente,nula,Profesor,120,1,Lima,Municipalidades,Postulante frecuente,1
HIST-639,0,12,independiente,media,Profesor,3,0,Callao,Gobierno Regional,Otro,0
HIST-640,10,17,sector_publico,nula,Administrador,0,0,Otro,Municipalidades,Finalista/Seleccionado,1
HIST-641,8,11,independiente,alta,Arquitecto,76,1,Lima,Otro,Solo visualizador,1
HIST-642,2,15,sector_publico,nula,Ingeniero,24,1,Arequipa,Gobierno Regional,Finalista/Seleccionado,1
HIST-643,8,3,sector_privado,alta,Otro,36,0,Otro,Otro,Finalista/Seleccionado,0
HIST-644,9,16,independiente,alta,Arquitecto,91,0,Arequipa,Gobierno Regional,Otro,1
HIST-645,5,2,independiente,alta,Administrador,177,1,Piura,Gobierno Regional,Finalista/Seleccionado,1
HIST-646,7,13,sector_privado,media,Arquitecto,139,0,Lima,Gobierno Regional,Otro,1
HIST-647,1,8,independiente,alta,Profesor,78,1,Callao,Organismos Autónomos,Postulante frecuente,0
HIST-648,9,9,sector_privado,alta,Medico,23,1,Callao,Ministerios/Poder Ejecutivo,Solo visualizador,1
HIST-649,10,16,independiente,nula,Contador,150,0,Otro,Ministerios/Poder Ejecutivo,Postulante frecuente,0
HIST-650,2,16,sector_privado,alta,Arquitecto,104,0,Otro,Otro,Postulante frecuente,0
HIST-651,10,9,independiente,alta,Abogado,46,0,Lima,Municipalidades,Postulante frecuente,0
HIST-652,2,14,independiente,media,Abogado,33,0,Arequipa,Organismos Autónomos,Postulante frecuente,0
HIST-653,4,8,sector_publico,nula,Economista,9,1,Arequipa,Gobierno Regional,Solo visualizador,1
HIST-654,6,20,sector_privado,alta,Medico,54,1,Arequipa,Ministerios/Poder Ejecutivo,Postulante frecuente,1
HIST-655,5,4,independiente,nula,Arquitecto,82,0,Otro,Otro,Finalista/Seleccionado,0
HIST-656,7,17,sector_privado,alta,Economista,138,0,Otro,Otro,Solo visualizador,1
HIST-657,5,3,independiente,media,Administrador,65,1,Otro,Ministerios/Poder Ejecutivo,Otro,1
HIST-658,1,20,sector_privado,media,Profesor,11,0,Lima,Gobierno Regional,Solo visualizador,0
HIST-659,1,7,independiente,alta,Medico,41,0,Otro,Organismos Autónomos,Otro,0
HIST-660,6,2,independiente,media,Medico,108,0,Arequipa,Gobierno Regional,Solo visualizador,0
HIST-661,4,8,independiente,alta,Abogado,23,0,Callao,Ministerios/Poder Ejecutivo,Postulante frecuente,1
HIST-662,6,15,sector_privado,alta,Medico,49,0,Cusco,Otro,Solo visualizador,1
HIST-663,8,19,independiente,media,Profesor,108,0,Lima,Ministerios/Poder Ejecutivo,Solo visualizador,1
HIST-664,4,3,sector_privado,nula,Otro,89,0,Otro,Organismos Autónomos,Postulante frecuente,1
HIST-665,7,18,sector_publico,media,Medico,174,1,Callao,Municipalidades,Finalista/Seleccionado,1
HIST-666,5,12,sector_publico,nula,Ingeniero,162,1,Piura,Municipalidades,Otro,1
HIST-667,4,15,sector_publico,media,Abogado,131,0,Arequipa,Municipalidades,Solo visualizador,1
HIST-668,0,17,sector_publico,nula,Profesor,110,0,Arequipa,Ministerios/Poder Ejecutivo,Solo visualizador,0
HIST-669,10,1,sector_publico,media,Profesor,53,0,Piura,Organismos Autónomos,Finalista/Seleccionado,0
HIST-670,1,20,independiente,alta,Profesor,68,1,Lima,Organismos Autónomos,Finalista/Seleccionado,0
HIST-671,2,6,independiente,nula,Abogado,180,1,Otro,Otro,Otro,0
HIST-672,0,9,sector_privado,nula,Ingeniero,121,0,Cusco,Municipalidades,Finalista/Seleccionado,0
HIST-673,0,17,sector_privado,nula,Economista,8,0,Callao,Ministerios/Poder Ejecutivo,Otro,0
HIST-674,6,4,sector_privado,nula,Arquitecto,167,1,Piura,Gobierno Regional,Solo visualizador,1
HIST-675,4,5,independiente,media,Ingeniero,65,0,Lima,Gobierno Regional,Finalista/Seleccionado,0
HIST-676,4,16,sector_publico,alta,Ingeniero,134,0,Otro,Organismos Autónomos,Solo visualizador,1
HIST-677,1,1,independiente,alta,Profesor,43,0,Callao,Otro,Postulante frecuente,0
HIST-678,6,20,sector_publico,nula,Administrador,105,1,Otro,Otro,Postulante frecuente,1
HIST-679,9,20,sector_privado,media,Administrador,164,1,Piura,Gobierno Regional,Finalista/Seleccionado,1
HIST-680,3,18,sector_publico,nula,Otro,29,0,Cusco,Municipalidades,Otro,0
HIST-681,7,10,sector_publico,nula,Economista,12,1,Arequipa,Gobierno Regional,Solo visualizador,1
HIST-682,2,16,independiente,alta,Medico,23,0,Callao,Gobierno Regional,Finalista/Seleccionado,0
HIST-683,6,12,sector_privado,nula,Contador,154,1,Cusco,Gobierno Regional,Otro,1
HIST-684,5,5,sector_privado,alta,Contador,52,1,Callao,Organismos Autónomos,Postulante frecuente,1
HIST-685,5,9,sector_privado,nula,Ingeniero,64,0,Callao,Municipalidades,Otro,0
HIST-686,9,9,independiente,media,Abogado,59,0,Cusco,Ministerios/Poder Ejecutivo,Finalista/Seleccionado,0
HIST-687,3,9,sector_publico,media,Administrador,17,1,Piura,Organismos Autónomos,Postulante frecuente,1
HIST-688,2,17,sector_privado,media,Economista,98,1,Otro,Gobierno Regional,Postulante frecuente,0
HIST-689,2,2,sector_privado,alta,Profesor,17,1,Lima,Organismos Autónomos,Otro,0
HIST-690,10,13,sector_publico,nula,Economista,95,1,Cusco,Organismos Autónomos,Otro,1
HIST-691,8,20,sector_publico,media,Contador,124,0,Cusco,Organismos Autónomos,Postulante frecuente,1
HIST-692,4,12,sector_publico,nula,Contador,176,0,Lima,Organismos Autónomos,Solo visualizador,0
HIST-693,3,19,sector_privado,media,Medico,142,0,Otro,Ministerios/Poder Ejecutivo,Postulante frecuente,1
HIST-694,3,13,sector_publico,media,Profesor,108,0,Piura,Otro,Postulante frecuente,1
HIST-695,0,17,sector_privado,alta,Abogado,141,1,Lima,Organismos Autónomos,Postulante frecuente,0
HIST-696,3,11,sector_privado,media,Administrador,50,1,Piura,Gobierno Regional,Finalista/Seleccionado,1
HIST-697,6,0,sector_privado,nula,Ingeniero,31,0,Arequipa,Municipalidades,Otro,0
HIST-698,8,18,independiente,alta,Abogado,161,0,Piura,Organismos Autónomos,Otro,0
HIST-699,6,6,sector_privado,alta,Administrador,117,0,Piura,Municipalidades,Postulante frecuente,0
HIST-700,0,14,independiente,nula,Abogado,5,1,Arequipa,Organismos Autónomos,Postulante frecuente,1
HIST-701,9,10,independiente,alta,Administrador,164,1,Callao,Gobierno Regional,Postulante frecuente,1
HIST-702,5,0,sector_privado,media,Economista,60,0,Otro,Otro,Finalista/Seleccionado,0
HIST-703,5,19,sector_privado,alta,Medico,104,0,Piura,Municipalidades,Postulante frecuente,0
HIST-704,8,3,sector_privado,nula,Ingeniero,104,1,Otro,Otro,Postulante frecuente,1
HIST-705,1,7,sector_privado,media,Arquitecto,152,1,Callao,Gobierno Regional,Otro,0
HIST-706,0,15,sector_publico,media,Otro,104,1,Otro,Municipalidades,Otro,1
HIST-707,10,5,independiente,media,Contador,142,0,Piura,Otro,Finalista/Seleccionado,0
HIST-708,5,15,sector_publico,media,Contador,101,0,Callao,Gobierno Regional,Finalista/Seleccionado,1
HIST-709,10,7,independiente,alta,Medico,31,0,Piura,Organismos Autónomos,Solo visualizador,0
HIST-710,7,18,sector_privado,media,Economista,136,1,Lima,Organismos Autónomos,Otro,1
HIST-711,5,9,independiente,alta,Ingeniero,38,0,Callao,Ministerios/Poder Ejecutivo,Finalista/Seleccionado,0
HIST-712,0,5,independiente,media,Contador,45,0,Cusco,Municipalidades,Finalista/Seleccionado,0
HIST-713,0,20,sector_privado,media,Profesor,145,0,Piura,Gobierno Regional,Otro,0
HIST-714,9,16,sector_privado,nula,Administrador,163,0,Callao,Municipalidades,Finalista/Seleccionado,0
HIST-715,3,9,sector_publico,nula,Economista,175,1,Arequipa,Ministerios/Poder Ejecutivo,Otro,1
HIST-716,5,19,sector_privado,alta,Otro,87,1,Otro,Organismos Autónomos,Otro,1
HIST-717,10,20,sector_privado,nula,Otro,119,1,Callao,Gobierno Regional,Solo visualizador,1
HIST-718,3,1,sector_publico,media,Otro,18,1,Cusco,Organismos Autónomos,Finalista/Seleccionado,1
HIST-719,0,14,sector_privado,nula,Contador,22,1,Lima,Organismos Autónomos,Solo visualizador,0
HIST-720,10,13,sector_publico,media,Contador,8,0,Cusco,Otro,Otro,1
HIST-721,1,1,independiente,media,Profesor,41,1,Otro,Ministerios/Poder Ejecutivo,Finalista/Seleccionado,0
HIST-722,1,5,independiente,alta,Profesor,73,1,Otro,Otro,Postulante frecuente,0
HIST-723,5,5,independiente,nula,Arquitecto,10,1,Piura,Otro,Solo visualizador,1
HIST-724,7,18,sector_publico,media,Economista,15,0,Lima,Municipalidades,Postulante frecuente,1
HIST-725,2,18,sector_privado,alta,Administrador,75,1,Piura,Otro,Finalista/Seleccionado,0
HIST-726,1,6,sector_privado,media,Otro,163,1,Callao,Organismos Autónomos,Solo visualizador,0
HIST-727,7,12,sector_publico,alta,Medico,6,1,Callao,Municipalidades,Postulante frecuente,1
HIST-728,10,14,sector_privado,alta,Ingeniero,120,1,Callao,Gobierno Regional,Finalista/Seleccionado,1
HIST-729,2,8,independiente,nula,Administrador,33,0,Cusco,Otro,Solo visualizador,0
HIST-730,9,15,sector_publico,alta,Administrador,114,0,Piura,Gobierno Regional,Finalista/Seleccionado,1
HIST-731,3,11,sector_privado,nula,Ingeniero,113,0,Otro,Municipalidades,Otro,0
HIST-732,10,11,independiente,media,Arquitecto,16,1,Otro,Gobierno Regional,Solo visualizador,1
HIST-733,4,3,independiente,alta,Economista,99,1,Piura,Municipalidades,Otro,1
HIST-734,6,7,sector_publico,nula,Administrador,132,1,Otro,Otro,Otro,1
HIST-735,2,0,sector_publico,alta,Administrador,74,0,Lima,Municipalidades,Finalista/Seleccionado,0
HIST-736,4,14,sector_publico,alta,Profesor,119,1,Callao,Municipalidades,Finalista/Seleccionado,1
HIST-737,6,17,sector_publico,alta,Abogado,36,1,Callao,Otro,Finalista/Seleccionado,1
HIST-738,7,13,sector_privado,alta,Otro,151,0,Callao,Municipalidades,Solo visualizador,1
HIST-739,4,19,sector_privado,media,Economista,89,0,Piura,Otro,Otro,0
HIST-740,4,10,independiente,alta,Ingeniero,67,0,Piura,Municipalidades,Postulante frecuente,1
HIST-741,1,12,sector_privado,nula,Medico,149,1,Piura,Ministerios/Poder Ejecutivo,Otro,0
HIST-742,8,13,independiente,nula,Abogado,91,1,Otro,Gobierno Regional,Otro,1
HIST-743,1,5,sector_publico,alta,Abogado,154,1,Arequipa,Gobierno Regional,Otro,0
HIST-744,8,20,independiente,nula,Contador,137,1,Arequipa,Municipalidades,Solo visualizador,1
HIST-745,1,8,sector_publico,nula,Administrador,105,0,Cusco,Municipalidades,Otro,0
HIST-746,5,19,sector_privado,alta,Profesor,77,0,Cusco,Organismos Autónomos,Postulante frecuente,1
HIST-747,9,7,independiente,media,Profesor,52,1,Piura,Municipalidades,Otro,1
HIST-748,5,20,independiente,alta,Contador,165,1,Otro,Ministerios/Poder Ejecutivo,Postulante frecuente,1
HIST-749,3,5,sector_publico,nula,Administrador,157,1,Cusco,Municipalidades,Finalista/Seleccionado,1
HIST-750,2,13,sector_publico,media,Contador,121,0,Callao,Gobierno Regional,Postulante frecuente,0
HIST-751,3,20,sector_publico,nula,Abogado,99,0,Lima,Gobierno Regional,Finalista/Seleccionado,1
HIST-752,4,15,independiente,nula,Medico,10,1,Callao,Otro,Solo visualizador,1
HIST-753,1,11,independiente,alta,Ingeniero,117,1,Piura,Municipalidades,Postulante frecuente,0
HIST-754,6,2,sector_privado,nula,Profesor,119,0,Otro,Ministerios/Poder Ejecutivo,Finalista/Seleccionado,0
HIST-755,0,17,sector_publico,nula,Contador,137,1,Otro,Municipalidades,Otro,1
HIST-756,1,11,sector_privado,alta,Medico,161,0,Lima,Municipalidades,Otro,0
HIST-757,4,12,sector_publico,alta,Administrador,129,1,Piura,Gobierno Regional,Finalista/Seleccionado,1
HIST-758,8,16,sector_publico,nula,Medico,120,0,Piura,Municipalidades,Postulante frecuente,1
HIST-759,6,18,sector_publico,media,Abogado,137,1,Arequipa,Municipalidades,Finalista/Seleccionado,1
HIST-760,4,11,independiente,alta,Economista,114,1,Arequipa,Organismos Autónomos,Solo visualizador,1
HIST-761,0,20,sector_privado,nula,Medico,66,1,Otro,Organismos Autónomos,Finalista/Seleccionado,0
HIST-762,3,2,sector_privado,nula,Economista,85,0,Cusco,Municipalidades,Postulante frecuente,0
HIST-763,5,2,sector_privado,media,Economista,172,1,Cusco,Organismos Autónomos,Postulante frecuente,1
HIST-764,9,1,sector_privado,alta,Economista,35,1,Cusco,Gobierno Regional,Otro,1
HIST-765,3,15,independiente,alta,Arquitecto,166,0,Otro,Otro,Solo visualizador,1
HIST-766,6,13,independiente,media,Medico,134,1,Otro,Otro,Finalista/Seleccionado,1
HIST-767,2,4,independiente,nula,Ingeniero,29,1,Cusco,Otro,Finalista/Seleccionado,0
HIST-768,3,15,sector_publico,media,Contador,109,0,Arequipa,Otro,Postulante frecuente,1
HIST-769,8,7,sector_publico,alta,Administrador,64,1,Arequipa,Otro,Solo visualizador,1
HIST-770,5,14,sector_privado,media,Administrador,141,0,Piura,Organismos Autónomos,Postulante frecuente,1
HIST-771,6,8,sector_publico,alta,Arquitecto,160,1,Callao,Ministerios/Poder Ejecutivo,Finalista/Seleccionado,1
HIST-772,6,11,independiente,alta,Economista,67,1,Otro,Municipalidades,Otro,1
HIST-773,4,11,sector_publico,media,Ingeniero,156,0,Otro,Organismos Autónomos,Solo visualizador,0
HIST-774,6,12,independiente,nula,Economista,120,0,Cusco,Ministerios/Poder Ejecutivo,Postulante frecuente,0
HIST-775,6,10,sector_publico,media,Arquitecto,146,0,Callao,Organismos Autónomos,Finalista/Seleccionado,1
HIST-776,5,17,sector_privado,media,Otro,169,1,Callao,Organismos Autónomos,Solo visualizador,1
HIST-777,4,0,sector_publico,media,Contador,125,1,Cusco,Otro,Solo visualizador,1
HIST-778,9,19,sector_publico,alta,Medico,22,1,Callao,Otro,Postulante frecuente,1
HIST-779,4,11,sector_privado,alta,Profesor,172,0,Piura,Gobierno Regional,Postulante frecuente,1
HIST-780,1,6,independiente,media,Arquitecto,82,1,Otro,Ministerios/Poder Ejecutivo,Otro,0
HIST-781,10,4,independiente,nula,Ingeniero,87,0,Piura,Organismos Autónomos,Otro,0
HIST-782,7,1,sector_privado,nula,Otro,101,1,Lima,Organismos Autónomos,Finalista/Seleccionado,0
HIST-783,4,9,sector_publico,alta,Profesor,107,0,Otro,Municipalidades,Finalista/Seleccionado,1
HIST-784,5,19,sector_publico,media,Profesor,138,0,Lima,Organismos Autónomos,Solo visualizador,1
HIST-785,2,10,sector_privado,nula,Economista,21,1,Otro,Ministerios/Poder Ejecutivo,Finalista/Seleccionado,0
HIST-786,2,1,independiente,alta,Contador,98,1,Piura,Municipalidades,Finalista/Seleccionado,0
HIST-787,10,19,sector_publico,alta,Contador,177,1,Cusco,Municipalidades,Solo visualizador,1
HIST-788,0,7,sector_publico,media,Administrador,45,1,Piura,Otro,Otro,0
HIST-789,4,9,independiente,nula,Abogado,106,0,Cusco,Organismos Autónomos,Finalista/Seleccionado,0
HIST-790,9,17,sector_publico,media,Medico,53,1,Cusco,Municipalidades,Postulante frecuente,1
HIST-791,4,4,sector_privado,media,Contador,46,1,Lima,Municipalidades,Finalista/Seleccionado,0
HIST-792,8,5,sector_publico,nula,Ingeniero,53,1,Lima,Otro,Solo visualizador,1
HIST-793,3,5,independiente,media,Otro,52,0,Otro,Otro,Postulante frecuente,1
HIST-794,1,17,independiente,nula,Economista,33,1,Callao,Municipalidades,Otro,0
HIST-795,2,12,independiente,alta,Abogado,147,1,Arequipa,Ministerios/Poder Ejecutivo,Finalista/Seleccionado,0
HIST-796,6,3,independiente,nula,Ingeniero,138,0,Cusco,Ministerios/Poder Ejecutivo,Finalista/Seleccionado,0
HIST-797,6,5,sector_publico,media,Administrador,5,0,Lima,Organismos Autónomos,Finalista/Seleccionado,1
HIST-798,10,8,independiente,alta,Profesor,121,1,Cusco,Municipalidades,Solo visualizador,1
HIST-799,9,9,independiente,alta,Medico,17,1,Arequipa,Municipalidades,Otro,1
HIST-800,6,19,sector_privado,nula,Otro,102,1,Callao,Ministerios/Poder Ejecutivo,Postulante frecuente,1
HIST-801,9,1,independiente,alta,Contador,163,0,Callao,Otro,Finalista/Seleccionado,0
HIST-802,0,7,sector_privado,nula,Ingeniero,87,1,Otro,Municipalidades,Finalista/Seleccionado,0
HIST-803,0,18,independiente,alta,Abogado,78,0,Piura,Organismos Autónomos,Otro,0
HIST-804,10,5,independiente,media,Otro,13,1,Otro,Organismos Autónomos,Solo visualizador,1
HIST-805,0,2,independiente,alta,Ingeniero,43,1,Otro,Municipalidades,Otro,0
HIST-806,5,17,independiente,alta,Ingeniero,136,1,Piura,Organismos Autónomos,Postulante frecuente,1
HIST-807,9,7,sector_privado,nula,Otro,63,1,Callao,Organismos Autónomos,Solo visualizador,1
HIST-808,8,4,independiente,alta,Administrador,5,1,Lima,Organismos Autónomos,Finalista/Seleccionado,1
HIST-809,3,14,independiente,nula,Medico,150,1,Piura,Gobierno Regional,Solo visualizador,1
HIST-810,10,15,sector_publico,media,Profesor,158,1,Callao,Otro,Finalista/Seleccionado,1
HIST-811,6,5,sector_privado,alta,Otro,28,1,Cusco,Gobierno Regional,Solo visualizador,1
HIST-812,7,8,sector_publico,alta,Abogado,139,1,Lima,Otro,Solo visualizador,1
HIST-813,2,15,sector_publico,media,Abogado,45,0,Otro,Otro,Postulante frecuente,0
HIST-814,0,9,independiente,nula,Ingeniero,103,1,Cusco,Otro,Otro,0
HIST-815,2,5,sector_publico,nula,Medico,112,0,Arequipa,Organismos Autónomos,Solo visualizador,0
HIST-816,6,7,independiente,media,Profesor,44,1,Lima,Gobierno Regional,Solo visualizador,1
HIST-817,9,13,sector_privado,nula,Otro,125,0,Piura,Otro,Solo visualizador,0
HIST-818,5,7,sector_publico,media,Profesor,12,0,Arequipa,Ministerios/Poder Ejecutivo,Otro,1
HIST-819,7,5,sector_privado,alta,Ingeniero,139,0,Lima,Municipalidades,Finalista/Seleccionado,0
HIST-820,9,1,independiente,alta,Contador,124,0,Piura,Otro,Solo visualizador,0
HIST-821,1,6,sector_publico,nula,Contador,121,0,Otro,Gobierno Regional,Postulante frecuente,0
HIST-822,7,19,sector_publico,media,Profesor,52,1,Otro,Municipalidades,Solo visualizador,1
HIST-823,5,6,sector_privado,alta,Otro,7,0,Callao,Organismos Autónomos,Postulante frecuente,1
HIST-824,7,1,independiente,alta,Administrador,83,1,Otro,Municipalidades,Finalista/Seleccionado,0
HIST-825,2,20,sector_publico,media,Administrador,69,0,Otro,Ministerios/Poder Ejecutivo,Postulante frecuente,0
HIST-826,6,8,independiente,nula,Economista,60,1,Lima,Ministerios/Poder Ejecutivo,Otro,1
HIST-827,1,1,sector_privado,nula,Medico,108,0,Arequipa,Ministerios/Poder Ejecutivo,Solo visualizador,0
HIST-828,1,9,sector_privado,nula,Economista,102,0,Otro,Organismos Autónomos,Postulante frecuente,0
HIST-829,6,2,sector_publico,alta,Contador,65,1,Piura,Municipalidades,Postulante frecuente,1
HIST-830,9,15,sector_publico,nula,Medico,96,1,Lima,Otro,Solo visualizador,1
HIST-831,5,19,independiente,nula,Otro,70,0,Arequipa,Gobierno Regional,Postulante frecuente,0
HIST-832,6,7,sector_privado,alta,Contador,41,1,Piura,Organismos Autónomos,Otro,1
HIST-833,2,10,sector_publico,alta,Otro,45,0,Piura,Municipalidades,Finalista/Seleccionado,0
HIST-834,5,0,sector_publico,media,Ingeniero,40,1,Lima,Gobierno Regional,Otro,1
HIST-835,4,6,independiente,nula,Abogado,103,1,Cusco,Otro,Solo visualizador,1
HIST-836,0,5,sector_privado,nula,Contador,167,0,Arequipa,Otro,Solo visualizador,0
HIST-837,10,8,sector_publico,alta,Economista,126,1,Lima,Ministerios/Poder Ejecutivo,Otro,1
HIST-838,7,15,independiente,alta,Profesor,100,1,Piura,Otro,Finalista/Seleccionado,1
HIST-839,1,0,sector_privado,media,Medico,8,1,Piura,Ministerios/Poder Ejecutivo,Otro,0
HIST-840,7,4,independiente,nula,Otro,28,0,Arequipa,Otro,Otro,0
HIST-841,6,16,sector_publico,media,Profesor,84,0,Otro,Ministerios/Poder Ejecutivo,Solo visualizador,1
HIST-842,1,8,independiente,nula,Ingeniero,123,0,Lima,Gobierno Regional,Solo visualizador,0
HIST-843,7,17,sector_publico,nula,Medico,162,0,Piura,Ministerios/Poder Ejecutivo,Postulante frecuente,1
HIST-844,1,13,independiente,alta,Medico,0,0,Callao,Otro,Postulante frecuente,0
HIST-845,8,18,sector_privado,nula,Medico,144,1,Lima,Municipalidades,Postulante frecuente,1
HIST-846,2,18,sector_publico,nula,Profesor,169,0,Callao,Gobierno Regional,Solo visualizador,0
HIST-847,4,16,sector_publico,nula,Contador,44,0,Otro,Gobierno Regional,Postulante frecuente,1
HIST-848,1,10,sector_publico,media,Medico,104,0,Callao,Ministerios/Poder Ejecutivo,Otro,0
HIST-849,6,8,independiente,media,Administrador,104,1,Arequipa,Ministerios/Poder Ejecutivo,Finalista/Seleccionado,1
HIST-850,3,4,independiente,alta,Otro,157,0,Cusco,Otro,Finalista/Seleccionado,0
HIST-851,2,10,independiente,alta,Abogado,28,1,Callao,Gobierno Regional,Finalista/Seleccionado,0
HIST-852,8,0,sector_privado,media,Medico,33,0,Cusco,Organismos Autónomos,Otro,0
HIST-853,3,15,sector_publico,alta,Medico,78,0,Piura,Gobierno Regional,Postulante frecuente,1
HIST-854,6,8,sector_privado,media,Ingeniero,159,1,Lima,Otro,Solo visualizador,1
HIST-855,6,1,independiente,media,Economista,50,1,Callao,Gobierno Regional,Postulante frecuente,1
HIST-856,0,9,independiente,nula,Abogado,4,1,Callao,Organismos Autónomos,Otro,1
HIST-857,1,2,independiente,alta,Medico,66,0,Callao,Municipalidades,Postulante frecuente,0
HIST-858,4,2,sector_privado,nula,Administrador,85,1,Cusco,Municipalidades,Otro,0
HIST-859,2,6,independiente,nula,Abogado,20,0,Otro,Ministerios/Poder Ejecutivo,Solo visualizador,0
HIST-860,8,8,sector_privado,media,Medico,41,0,Callao,Organismos Autónomos,Solo visualizador,0
HIST-861,4,14,sector_publico,nula,Profesor,37,1,Lima,Organismos Autónomos,Solo visualizador,1
HIST-862,6,11,sector_privado,media,Ingeniero,35,0,Otro,Organismos Autónomos,Finalista/Seleccionado,1
HIST-863,3,6,sector_publico,media,Arquitecto,104,0,Arequipa,Otro,Solo visualizador,1
HIST-864,1,14,independiente,alta,Administrador,16,1,Callao,Otro,Finalista/Seleccionado,0
HIST-865,8,1,sector_privado,nula,Medico,108,0,Otro,Otro,Postulante frecuente,0
HIST-866,1,17,sector_privado,alta,Arquitecto,166,1,Piura,Organismos Autónomos,Postulante frecuente,1
HIST-867,2,20,sector_privado,alta,Medico,0,1,Otro,Gobierno Regional,Finalista/Seleccionado,1
HIST-868,10,13,independiente,nula,Otro,165,1,Otro,Municipalidades,Postulante frecuente,1
HIST-869,9,12,sector_privado,media,Arquitecto,157,1,Lima,Otro,Postulante frecuente,1
HIST-870,10,12,sector_publico,media,Otro,61,0,Cusco,Municipalidades,Finalista/Seleccionado,1
HIST-871,8,17,sector_publico,media,Otro,45,0,Arequipa,Ministerios/Poder Ejecutivo,Otro,1
HIST-872,9,2,sector_publico,media,Ingeniero,24,0,Cusco,Organismos Autónomos,Solo visualizador,0
HIST-873,3,11,sector_privado,nula,Arquitecto,112,0,Callao,Gobierno Regional,Otro,0
HIST-874,2,6,independiente,media,Economista,99,1,Callao,Ministerios/Poder Ejecutivo,Otro,0
HIST-875,5,18,sector_publico,nula,Administrador,78,0,Lima,Ministerios/Poder Ejecutivo,Solo visualizador,1
HIST-876,5,18,sector_publico,media,Economista,21,0,Arequipa,Gobierno Regional,Postulante frecuente,1
HIST-877,4,17,sector_privado,alta,Ingeniero,100,1,Callao,Ministerios/Poder Ejecutivo,Finalista/Seleccionado,1
HIST-878,9,7,independiente,alta,Otro,171,0,Arequipa,Gobierno Regional,Finalista/Seleccionado,1
HIST-879,4,4,sector_publico,alta,Abogado,161,1,Cusco,Gobierno Regional,Finalista/Seleccionado,1
HIST-880,8,15,independiente,nula,Ingeniero,29,1,Cusco,Organismos Autónomos,Finalista/Seleccionado,1
HIST-881,6,1,sector_publico,alta,Ingeniero,82,0,Arequipa,Otro,Solo visualizador,0
HIST-882,2,7,sector_privado,alta,Arquitecto,76,0,Lima,Ministerios/Poder Ejecutivo,Finalista/Seleccionado,0
HIST-883,1,11,independiente,media,Profesor,139,0,Callao,Organismos Autónomos,Otro,0
HIST-884,1,6,sector_privado,nula,Arquitecto,59,0,Piura,Gobierno Regional,Postulante frecuente,0
HIST-885,0,2,sector_publico,media,Contador,175,1,Callao,Ministerios/Poder Ejecutivo,Postulante frecuente,0
HIST-886,5,6,independiente,media,Otro,82,1,Arequipa,Otro,Postulante frecuente,1
HIST-887,9,6,sector_publico,nula,Economista,4,1,Piura,Organismos Autónomos,Solo visualizador,1
HIST-888,2,17,independiente,media,Economista,158,0,Callao,Otro,Postulante frecuente,0
HIST-889,5,15,sector_publico,media,Economista,64,1,Lima,Otro,Solo visualizador,1
HIST-890,9,12,sector_publico,alta,Administrador,104,1,Callao,Gobierno Regional,Otro,1
HIST-891,9,8,sector_privado,nula,Ingeniero,131,1,Cusco,Otro,Solo visualizador,1
HIST-892,7,15,sector_privado,alta,Ingeniero,90,0,Cusco,Gobierno Regional,Solo visualizador,1
HIST-893,3,5,independiente,nula,Abogado,174,0,Callao,Organismos Autónomos,Solo visualizador,0
HIST-894,2,0,independiente,media,Contador,93,1,Lima,Ministerios/Poder Ejecutivo,Postulante frecuente,0
HIST-895,2,17,independiente,alta,Medico,99,0,Arequipa,Organismos Autónomos,Solo visualizador,0
HIST-896,5,19,sector_publico,alta,Otro,147,1,Callao,Municipalidades,Otro,1
HIST-897,6,9,independiente,media,Medico,133,1,Cusco,Municipalidades,Postulante frecuente,1
HIST-898,7,8,sector_privado,nula,Profesor,45,0,Otro,Municipalidades,Otro,0
HIST-899,2,12,sector_privado,nula,Arquitecto,0,0,Piura,Organismos Autónomos,Otro,0
HIST-900,8,2,sector_privado,media,Arquitecto,71,0,Lima,Ministerios/Poder Ejecutivo,Otro,0
HIST-901,3,13,sector_publico,alta,Arquitecto,78,1,Arequipa,Otro,Solo visualizador,1
HIST-902,2,9,sector_publico,nula,Abogado,22,0,Arequipa,Municipalidades,Finalista/Seleccionado,0
HIST-903,7,16,sector_publico,media,Contador,40,0,Callao,Organismos Autónomos,Postulante frecuente,1
HIST-904,6,14,sector_privado,alta,Otro,100,1,Cusco,Organismos Autónomos,Solo visualizador,1
HIST-905,2,1,independiente,media,Profesor,130,0,Callao,Gobierno Regional,Otro,0
HIST-906,9,6,independiente,alta,Economista,145,1,Otro,Otro,Otro,1
HIST-907,7,6,independiente,nula,Economista,33,1,Piura,Ministerios/Poder Ejecutivo,Postulante frecuente,1
HIST-908,5,2,sector_publico,nula,Otro,175,1,Callao,Otro,Solo visualizador,1
HIST-909,10,10,sector_privado,alta,Otro,165,0,Lima,Municipalidades,Finalista/Seleccionado,0
HIST-910,9,6,independiente,alta,Administrador,169,0,Callao,Organismos Autónomos,Finalista/Seleccionado,0
HIST-911,1,5,sector_privado,nula,Ingeniero,58,0,Cusco,Gobierno Regional,Otro,0
HIST-912,3,3,sector_privado,media,Contador,41,1,Lima,Gobierno Regional,Otro,1
HIST-913,10,14,independiente,nula,Medico,109,1,Otro,Organismos Autónomos,Otro,1
HIST-914,3,18,independiente,media,Economista,162,1,Lima,Ministerios/Poder Ejecutivo,Solo visualizador,1
HIST-915,4,18,sector_publico,alta,Contador,9,1,Lima,Municipalidades,Solo visualizador,1
HIST-916,4,9,independiente,alta,Abogado,37,1,Cusco,Otro,Otro,1
HIST-917,8,9,sector_publico,nula,Contador,41,0,Lima,Gobierno Regional,Finalista/Seleccionado,1
HIST-918,3,3,sector_publico,alta,Contador,105,1,Piura,Organismos Autónomos,Otro,1
HIST-919,9,13,sector_privado,alta,Medico,10,0,Piura,Gobierno Regional,Otro,1
HIST-920,6,3,sector_privado,media,Administrador,144,1,Piura,Otro,Postulante frecuente,1
HIST-921,7,1,sector_privado,media,Medico,171,0,Lima,Otro,Otro,0
HIST-922,9,18,sector_privado,alta,Administrador,100,0,Callao,Municipalidades,Postulante frecuente,1
HIST-923,8,7,sector_publico,alta,Contador,122,1,Cusco,Ministerios/Poder Ejecutivo,Otro,1
HIST-924,1,0,independiente,alta,Economista,127,1,Cusco,Organismos Autónomos,Solo visualizador,0
HIST-925,4,10,sector_privado,media,Ingeniero,87,1,Callao,Gobierno Regional,Solo visualizador,1
HIST-926,9,8,sector_privado,nula,Medico,54,1,Arequipa,Organismos Autónomos,Finalista/Seleccionado,1
HIST-927,10,14,independiente,nula,Contador,127,0,Lima,Organismos Autónomos,Otro,0
HIST-928,10,11,sector_privado,media,Administrador,54,1,Piura,Gobierno Regional,Postulante frecuente,1
HIST-929,8,2,sector_publico,nula,Arquitecto,168,1,Otro,Organismos Autónomos,Finalista/Seleccionado,1
HIST-930,9,9,sector_publico,nula,Ingeniero,91,0,Callao,Otro,Solo visualizador,1
HIST-931,9,0,independiente,media,Abogado,13,0,Arequipa,Municipalidades,Otro,1
HIST-932,7,8,sector_privado,nula,Economista,140,1,Cusco,Ministerios/Poder Ejecutivo,Finalista/Seleccionado,1
HIST-933,4,6,independiente,media,Profesor,20,0,Cusco,Otro,Postulante frecuente,1
HIST-934,8,20,independiente,alta,Medico,59,1,Otro,Organismos Autónomos,Otro,1
HIST-935,4,15,sector_privado,alta,Otro,2,0,Arequipa,Otro,Postulante frecuente,1
HIST-936,5,1,independiente,alta,Administrador,124,1,Callao,Otro,Otro,1
HIST-937,10,15,sector_privado,nula,Economista,149,0,Callao,Gobierno Regional,Postulante frecuente,0
HIST-938,4,14,sector_privado,alta,Otro,102,1,Otro,Gobierno Regional,Solo visualizador,1
HIST-939,0,20,sector_publico,alta,Contador,87,1,Callao,Ministerios/Poder Ejecutivo,Otro,0
HIST-940,10,2,sector_privado,media,Contador,52,1,Cusco,Ministerios/Poder Ejecutivo,Postulante frecuente,1
HIST-941,5,17,sector_publico,media,Economista,42,1,Cusco,Otro,Finalista/Seleccionado,1
HIST-942,5,2,sector_privado,alta,Arquitecto,81,1,Callao,Ministerios/Poder Ejecutivo,Otro,1
HIST-943,5,11,sector_publico,nula,Administrador,131,1,Piura,Ministerios/Poder Ejecutivo,Postulante frecuente,1
HIST-944,0,10,sector_publico,nula,Profesor,90,0,Lima,Otro,Otro,0
HIST-945,8,5,sector_privado,nula,Medico,31,0,Cusco,Municipalidades,Finalista/Seleccionado,0
HIST-946,4,8,sector_publico,nula,Economista,151,0,Lima,Municipalidades,Solo visualizador,1
HIST-947,10,13,independiente,alta,Administrador,28,0,Cusco,Municipalidades,Postulante frecuente,0
HIST-948,2,14,independiente,media,Ingeniero,106,0,Piura,Organismos Autónomos,Finalista/Seleccionado,0
HIST-949,3,8,sector_privado,nula,Administrador,30,0,Piura,Gobierno Regional,Finalista/Seleccionado,0
HIST-950,6,12,sector_publico,media,Arquitecto,23,1,Lima,Gobierno Regional,Postulante frecuente,1
HIST-951,2,14,independiente,nula,Arquitecto,67,0,Lima,Organismos Autónomos,Solo visualizador,0
HIST-952,8,1,sector_publico,nula,Ingeniero,146,1,Cusco,Otro,Finalista/Seleccionado,1
HIST-953,1,11,sector_publico,media,Arquitecto,34,1,Arequipa,Gobierno Regional,Finalista/Seleccionado,0
HIST-954,10,1,independiente,alta,Profesor,154,0,Otro,Gobierno Regional,Otro,0
HIST-955,3,1,sector_publico,media,Arquitecto,115,1,Lima,Gobierno Regional,Solo visualizador,1
HIST-956,4,7,sector_publico,nula,Economista,121,0,Callao,Organismos Autónomos,Otro,1
HIST-957,5,2,sector_privado,nula,Otro,131,1,Otro,Ministerios/Poder Ejecutivo,Postulante frecuente,1
HIST-958,4,8,sector_privado,media,Medico,89,1,Otro,Organismos Autónomos,Finalista/Seleccionado,1
HIST-959,4,13,independiente,media,Profesor,139,1,Lima,Organismos Autónomos,Solo visualizador,1
HIST-960,8,20,sector_publico,nula,Otro,33,1,Arequipa,Gobierno Regional,Otro,1
HIST-961,4,3,independiente,nula,Economista,160,0,Arequipa,Otro,Finalista/Seleccionado,0
HIST-962,3,15,independiente,alta,Medico,16,1,Piura,Ministerios/Poder Ejecutivo,Solo visualizador,1
HIST-963,1,8,sector_privado,media,Economista,129,0,Piura,Organismos Autónomos,Solo visualizador,0
HIST-964,6,0,independiente,nula,Abogado,147,1,Cusco,Ministerios/Poder Ejecutivo,Finalista/Seleccionado,1
HIST-965,9,20,independiente,alta,Contador,113,0,Lima,Ministerios/Poder Ejecutivo,Solo visualizador,0
HIST-966,2,19,sector_privado,alta,Administrador,112,1,Callao,Organismos Autónomos,Postulante frecuente,1
HIST-967,10,8,independiente,alta,Ingeniero,152,0,Piura,Municipalidades,Solo visualizador,1
HIST-968,0,1,sector_privado,media,Abogado,92,0,Otro,Organismos Autónomos,Postulante frecuente,0
HIST-969,1,10,independiente,nula,Arquitecto,158,0,Lima,Ministerios/Poder Ejecutivo,Otro,0
HIST-970,3,0,sector_publico,nula,Ingeniero,4,1,Cusco,Organismos Autónomos,Postulante frecuente,1
HIST-971,2,18,independiente,alta,Abogado,92,1,Callao,Organismos Autónomos,Otro,0
HIST-972,6,3,sector_publico,media,Arquitecto,20,1,Callao,Otro,Solo visualizador,1
HIST-973,5,16,independiente,alta,Medico,176,1,Otro,Gobierno Regional,Otro,1
HIST-974,0,3,sector_publico,media,Otro,115,0,Otro,Ministerios/Poder Ejecutivo,Otro,0
HIST-975,8,0,sector_privado,media,Economista,47,0,Cusco,Ministerios/Poder Ejecutivo,Postulante frecuente,0
HIST-976,10,11,independiente,media,Administrador,150,0,Lima,Ministerios/Poder Ejecutivo,Postulante frecuente,0
HIST-977,2,4,sector_privado,nula,Profesor,146,0,Lima,Organismos Autónomos,Finalista/Seleccionado,0
HIST-978,3,3,sector_publico,media,Otro,168,1,Otro,Municipalidades,Postulante frecuente,1
HIST-979,1,0,sector_privado,nula,Contador,159,1,Otro,Municipalidades,Postulante frecuente,0
HIST-980,9,19,independiente,nula,Profesor,146,1,Cusco,Municipalidades,Postulante frecuente,1
HIST-981,3,0,sector_publico,alta,Economista,53,0,Cusco,Organismos Autónomos,Otro,0
HIST-982,1,9,sector_publico,media,Administrador,10,1,Lima,Municipalidades,Finalista/Seleccionado,1
HIST-983,9,11,sector_publico,media,Ingeniero,170,0,Cusco,Organismos Autónomos,Otro,1
HIST-984,10,17,sector_publico,alta,Profesor,154,0,Piura,Gobierno Regional,Postulante frecuente,1
HIST-985,3,1,independiente,alta,Contador,17,0,Otro,Municipalidades,Otro,0
HIST-986,3,15,sector_publico,nula,Profesor,142,0,Cusco,Gobierno Regional,Solo visualizador,1
HIST-987,3,3,independiente,alta,Profesor,123,0,Otro,Organismos Autónomos,Otro,0
HIST-988,7,16,sector_publico,nula,Contador,1,1,Callao,Gobierno Regional,Postulante frecuente,1
HIST-989,8,8,independiente,media,Medico,98,0,Arequipa,Otro,Solo visualizador,0
HIST-990,0,14,sector_privado,media,Ingeniero,2,1,Piura,Municipalidades,Finalista/Seleccionado,0
HIST-991,2,11,sector_privado,media,Economista,1,0,Arequipa,Otro,Postulante frecuente,0
HIST-992,8,12,sector_privado,media,Medico,5,0,Cusco,Municipalidades,Postulante frecuente,1
HIST-993,0,17,sector_publico,nula,Contador,19,1,Piura,Otro,Solo visualizador,0
HIST-994,2,2,sector_publico,media,Profesor,133,0,Callao,Otro,Otro,0
HIST-995,2,18,sector_publico,media,Profesor,25,1,Cusco,Municipalidades,Finalista/Seleccionado,0
HIST-996,2,6,independiente,alta,Otro,107,0,Callao,Municipalidades,Otro,0
HIST-997,8,18,independiente,nula,Contador,151,1,Otro,Organismos Autónomos,Finalista/Seleccionado,1
HIST-998,10,12,sector_privado,nula,Economista,51,1,Arequipa,Municipalidades,Postulante frecuente,1
HIST-999,10,11,sector_privado,media,Ingeniero,19,1,Cusco,Municipalidades,Solo visualizador,1
HIST-1000,9,17,sector_privado,media,Otro,145,1,Callao,Ministerios/Poder Ejecutivo,Otro,1
HIST-1001,3,5,independiente,media,Abogado,57,0,Cusco,Organismos Autónomos,Otro,0
HIST-1002,10,6,sector_publico,nula,Arquitecto,132,0,Callao,Gobierno Regional,Finalista/Seleccionado,1
HIST-1003,10,20,sector_privado,media,Otro,29,1,Piura,Gobierno Regional,Postulante frecuente,1
HIST-1004,4,8,sector_publico,alta,Economista,61,1,Otro,Otro,Solo visualizador,1
HIST-1005,3,4,independiente,alta,Administrador,12,1,Arequipa,Ministerios/Poder Ejecutivo,Solo visualizador,1
HIST-1006,4,4,sector_privado,nula,Contador,106,1,Cusco,Ministerios/Poder Ejecutivo,Postulante frecuente,1
HIST-1007,3,8,sector_publico,media,Abogado,90,1,Lima,Organismos Autónomos,Otro,1
HIST-1008,8,11,sector_publico,nula,Economista,142,1,Piura,Organismos Autónomos,Finalista/Seleccionado,1
HIST-1009,0,18,independiente,alta,Economista,10,1,Arequipa,Ministerios/Poder Ejecutivo,Otro,0
HIST-1010,4,14,independiente,media,Administrador,114,1,Callao,Organismos Autónomos,Solo visualizador,1
HIST-1011,4,6,independiente,alta,Administrador,43,1,Lima,Organismos Autónomos,Otro,1
HIST-1012,9,5,sector_publico,media,Abogado,92,1,Otro,Organismos Autónomos,Solo visualizador,1
HIST-1013,8,19,independiente,media,Ingeniero,57,1,Otro,Ministerios/Poder Ejecutivo,Postulante frecuente,1
HIST-1014,1,7,sector_privado,nula,Contador,50,0,Otro,Otro,Otro,0
HIST-1015,5,11,independiente,nula,Medico,85,1,Arequipa,Otro,Postulante frecuente,1
HIST-1016,7,9,sector_privado,nula,Economista,174,1,Piura,Municipalidades,Postulante frecuente,1
HIST-1017,4,20,sector_publico,nula,Economista,122,0,Callao,Gobierno Regional,Postulante frecuente,1
HIST-1018,8,8,sector_privado,nula,Medico,125,1,Arequipa,Municipalidades,Otro,1
HIST-1019,8,18,independiente,nula,Economista,139,1,Lima,Organismos Autónomos,Postulante frecuente,1
HIST-1020,4,6,sector_privado,nula,Medico,78,1,Lima,Organismos Autónomos,Solo visualizador,1
HIST-1021,8,0,independiente,alta,Economista,86,0,Piura,Organismos Autónomos,Postulante frecuente,0
HIST-1022,1,10,sector_publico,alta,Abogado,17,1,Piura,Ministerios/Poder Ejecutivo,Postulante frecuente,1
HIST-1023,5,20,sector_publico,nula,Economista,157,1,Piura,Ministerios/Poder Ejecutivo,Postulante frecuente,1
HIST-1024,5,2,independiente,media,Ingeniero,98,0,Piura,Organismos Autónomos,Postulante frecuente,0
HIST-1025,1,11,independiente,nula,Economista,161,1,Cusco,Gobierno Regional,Postulante frecuente,0
HIST-1026,8,4,independiente,alta,Otro,131,1,Lima,Ministerios/Poder Ejecutivo,Solo visualizador,1
HIST-1027,6,7,sector_publico,nula,Otro,147,0,Piura,Municipalidades,Postulante frecuente,1
HIST-1028,10,6,sector_privado,nula,Ingeniero,166,1,Cusco,Organismos Autónomos,Postulante frecuente,1
HIST-1029,10,9,independiente,nula,Otro,120,1,Otro,Gobierno Regional,Finalista/Seleccionado,1
HIST-1030,5,18,sector_privado,nula,Economista,72,1,Arequipa,Gobierno Regional,Otro,1
HIST-1031,6,6,independiente,nula,Abogado,125,0,Callao,Gobierno Regional,Otro,1
HIST-1032,8,17,sector_publico,nula,Ingeniero,60,1,Arequipa,Municipalidades,Solo visualizador,1
HIST-1033,1,4,independiente,nula,Administrador,32,0,Callao,Otro,Otro,0
HIST-1034,4,10,sector_publico,media,Abogado,117,1,Piura,Organismos Autónomos,Postulante frecuente,1
HIST-1035,6,15,independiente,nula,Administrador,23,1,Arequipa,Municipalidades,Finalista/Seleccionado,1
HIST-1036,10,7,sector_publico,nula,Contador,12,1,Arequipa,Municipalidades,Otro,1
HIST-1037,0,11,sector_privado,nula,Profesor,176,0,Arequipa,Gobierno Regional,Finalista/Seleccionado,0
HIST-1038,7,15,independiente,media,Profesor,101,0,Cusco,Organismos Autónomos,Postulante frecuente,1
HIST-1039,1,18,sector_publico,nula,Profesor,96,1,Callao,Gobierno Regional,Postulante frecuente,1
HIST-1040,0,16,independiente,alta,Contador,56,1,Cusco,Ministerios/Poder Ejecutivo,Otro,0
HIST-1041,5,2,independiente,media,Economista,55,1,Otro,Ministerios/Poder Ejecutivo,Postulante frecuente,1
HIST-1042,5,4,sector_publico,alta,Arquitecto,167,1,Callao,Municipalidades,Postulante frecuente,1
HIST-1043,3,7,independiente,media,Economista,12,0,Lima,Otro,Postulante frecuente,1
HIST-1044,0,16,independiente,media,Economista,56,0,Arequipa,Ministerios/Poder Ejecutivo,Otro,0
HIST-1045,2,11,sector_privado,media,Ingeniero,22,1,Arequipa,Otro,Postulante frecuente,0
HIST-1046,10,2,sector_privado,alta,Otro,1,0,Callao,Gobierno Regional,Finalista/Seleccionado,1
HIST-1047,4,7,sector_privado,alta,Medico,113,0,Lima,Otro,Otro,0
HIST-1048,5,10,independiente,alta,Economista,177,0,Piura,Municipalidades,Finalista/Seleccionado,0
HIST-1049,3,20,sector_privado,media,Arquitecto,140,0,Piura,Otro,Finalista/Seleccionado,1
HIST-1050,7,4,sector_privado,alta,Economista,124,1,Callao,Ministerios/Poder Ejecutivo,Finalista/Seleccionado,0
HIST-1051,0,1,sector_privado,media,Otro,90,0,Callao,Gobierno Regional,Solo visualizador,0
HIST-1052,0,17,sector_publico,media,Arquitecto,148,0,Cusco,Gobierno Regional,Postulante frecuente,0
HIST-1053,5,3,sector_publico,nula,Ingeniero,127,0,Arequipa,Organismos Autónomos,Finalista/Seleccionado,0
HIST-1054,1,2,sector_publico,media,Profesor,97,0,Cusco,Municipalidades,Solo visualizador,0
HIST-1055,6,13,sector_publico,alta,Abogado,124,1,Otro,Gobierno Regional,Solo visualizador,1
HIST-1056,6,7,sector_privado,alta,Contador,167,1,Callao,Municipalidades,Finalista/Seleccionado,1
HIST-1057,3,9,independiente,alta,Contador,95,0,Otro,Gobierno Regional,Postulante frecuente,1
HIST-1058,7,10,sector_privado,nula,Contador,28,0,Otro,Gobierno Regional,Finalista/Seleccionado,0
HIST-1059,10,18,sector_privado,nula,Abogado,177,0,Cusco,Municipalidades,Finalista/Seleccionado,1
HIST-1060,0,0,sector_publico,nula,Ingeniero,85,0,Arequipa,Ministerios/Poder Ejecutivo,Finalista/Seleccionado,0
HIST-1061,8,6,independiente,alta,Profesor,84,0,Otro,Municipalidades,Otro,0
HIST-1062,0,4,sector_privado,nula,Administrador,85,1,Otro,Municipalidades,Postulante frecuente,0
HIST-1063,8,14,sector_publico,nula,Ingeniero,141,1,Callao,Otro,Solo visualizador,1
HIST-1064,0,18,sector_publico,media,Arquitecto,32,0,Lima,Ministerios/Poder Ejecutivo,Solo visualizador,0
HIST-1065,0,16,sector_privado,alta,Administrador,54,1,Otro,Ministerios/Poder Ejecutivo,Finalista/Seleccionado,0
HIST-1066,5,15,independiente,nula,Contador,104,1,Arequipa,Gobierno Regional,Finalista/Seleccionado,1
HIST-1067,4,19,sector_publico,alta,Contador,53,1,Callao,Otro,Otro,1
HIST-1068,2,5,independiente,media,Arquitecto,98,0,Piura,Otro,Postulante frecuente,0
HIST-1069,4,16,independiente,nula,Ingeniero,162,0,Lima,Municipalidades,Otro,0
HIST-1070,4,9,sector_privado,nula,Otro,68,0,Arequipa,Ministerios/Poder Ejecutivo,Otro,1
HIST-1071,0,13,sector_privado,media,Contador,91,1,Cusco,Gobierno Regional,Postulante frecuente,0
HIST-1072,4,15,sector_publico,alta,Abogado,62,0,Piura,Otro,Finalista/Seleccionado,1
HIST-1073,6,2,sector_privado,nula,Contador,5,0,Cusco,Gobierno Regional,Solo visualizador,0
HIST-1074,7,6,sector_publico,alta,Contador,61,1,Arequipa,Otro,Solo visualizador,1
HIST-1075,0,17,independiente,nula,Arquitecto,150,0,Otro,Ministerios/Poder Ejecutivo,Finalista/Seleccionado,0
HIST-1076,0,13,independiente,media,Medico,46,1,Cusco,Municipalidades,Otro,0
HIST-1077,7,8,sector_publico,media,Abogado,146,1,Piura,Ministerios/Poder Ejecutivo,Otro,1
HIST-1078,7,10,sector_publico,media,Medico,66,1,Arequipa,Organismos Autónomos,Finalista/Seleccionado,1
HIST-1079,0,0,independiente,alta,Profesor,132,1,Arequipa,Organismos Autónomos,Solo visualizador,0
HIST-1080,8,17,sector_publico,alta,Administrador,113,0,Arequipa,Otro,Solo visualizador,0
HIST-1081,2,19,independiente,alta,Profesor,1,1,Arequipa,Otro,Postulante frecuente,1
HIST-1082,5,13,independiente,media,Profesor,33,0,Otro,Organismos Autónomos,Solo visualizador,0
HIST-1083,9,2,sector_publico,media,Arquitecto,112,0,Piura,Organismos Autónomos,Otro,0
HIST-1084,6,0,sector_publico,nula,Ingeniero,122,0,Callao,Ministerios/Poder Ejecutivo,Postulante frecuente,1
HIST-1085,8,11,sector_privado,media,Administrador,88,0,Otro,Gobierno Regional,Finalista/Seleccionado,0
HIST-1086,4,0,independiente,media,Contador,6,1,Piura,Ministerios/Poder Ejecutivo,Postulante frecuente,1
HIST-1087,1,11,sector_publico,media,Abogado,156,1,Otro,Municipalidades,Postulante frecuente,1
HIST-1088,1,14,independiente,nula,Profesor,99,0,Cusco,Organismos Autónomos,Solo visualizador,0
HIST-1089,10,14,sector_publico,alta,Profesor,59,1,Piura,Organismos Autónomos,Solo visualizador,1
HIST-1090,9,18,sector_privado,nula,Economista,51,1,Cusco,Organismos Autónomos,Solo visualizador,1
HIST-1091,5,14,sector_privado,alta,Economista,89,0,Callao,Municipalidades,Solo visualizador,0
HIST-1092,10,10,independiente,nula,Administrador,159,1,Lima,Municipalidades,Solo visualizador,1
HIST-1093,8,15,sector_publico,media,Arquitecto,85,1,Lima,Ministerios/Poder Ejecutivo,Postulante frecuente,1
HIST-1094,3,16,sector_privado,nula,Abogado,169,0,Lima,Gobierno Regional,Otro,1
HIST-1095,5,16,sector_publico,alta,Otro,105,0,Arequipa,Gobierno Regional,Postulante frecuente,1
HIST-1096,9,1,independiente,media,Contador,142,0,Otro,Otro,Finalista/Seleccionado,0
HIST-1097,5,2,sector_publico,media,Ingeniero,70,0,Callao,Ministerios/Poder Ejecutivo,Postulante frecuente,1
HIST-1098,7,19,independiente,alta,Contador,119,0,Otro,Municipalidades,Solo visualizador,0
HIST-1099,7,7,sector_privado,media,Medico,140,1,Piura,Municipalidades,Otro,1
HIST-1100,6,13,independiente,media,Otro,140,1,Otro,Ministerios/Poder Ejecutivo,Solo visualizador,1
HIST-1101,9,4,sector_privado,media,Profesor,134,0,Callao,Gobierno Regional,Postulante frecuente,0
HIST-1102,4,1,sector_privado,media,Arquitecto,139,1,Otro,Municipalidades,Postulante frecuente,1
HIST-1103,8,11,independiente,nula,Contador,68,0,Callao,Organismos Autónomos,Solo visualizador,0
HIST-1104,7,0,independiente,alta,Medico,172,1,Lima,Municipalidades,Otro,1
HIST-1105,10,4,sector_privado,nula,Arquitecto,61,1,Arequipa,Municipalidades,Otro,1
HIST-1106,7,11,sector_publico,media,Economista,95,1,Callao,Gobierno Regional,Solo visualizador,1
HIST-1107,5,17,sector_publico,alta,Otro,33,1,Callao,Organismos Autónomos,Postulante frecuente,1
HIST-1108,9,13,sector_publico,nula,Profesor,105,1,Otro,Municipalidades,Postulante frecuente,1
HIST-1109,7,1,independiente,alta,Otro,180,0,Cusco,Organismos Autónomos,Otro,0
HIST-1110,8,13,independiente,nula,Medico,93,1,Arequipa,Organismos Autónomos,Otro,1
HIST-1111,2,16,sector_publico,alta,Contador,73,1,Cusco,Organismos Autónomos,Postulante frecuente,1
HIST-1112,8,3,independiente,nula,Profesor,5,1,Cusco,Organismos Autónomos,Solo visualizador,1
HIST-1113,9,1,independiente,media,Abogado,129,1,Arequipa,Gobierno Regional,Postulante frecuente,1
HIST-1114,6,20,sector_publico,alta,Economista,56,1,Lima,Gobierno Regional,Solo visualizador,1
HIST-1115,1,1,sector_publico,alta,Economista,160,1,Lima,Municipalidades,Otro,0
HIST-1116,7,15,sector_privado,nula,Administrador,125,0,Piura,Organismos Autónomos,Otro,0
HIST-1117,8,6,sector_publico,alta,Otro,164,0,Piura,Otro,Postulante frecuente,1
HIST-1118,0,1,sector_publico,alta,Contador,75,1,Arequipa,Ministerios/Poder Ejecutivo,Finalista/Seleccionado,0
HIST-1119,3,12,sector_publico,nula,Abogado,129,0,Lima,Ministerios/Poder Ejecutivo,Finalista/Seleccionado,1
HIST-1120,7,12,sector_publico,media,Otro,67,0,Lima,Gobierno Regional,Solo visualizador,1
HIST-1121,9,18,sector_publico,nula,Abogado,148,0,Otro,Ministerios/Poder Ejecutivo,Otro,1
HIST-1122,0,5,sector_privado,media,Medico,7,1,Piura,Municipalidades,Otro,0
HIST-1123,5,2,sector_publico,media,Otro,50,1,Arequipa,Ministerios/Poder Ejecutivo,Solo visualizador,1
HIST-1124,5,16,independiente,media,Administrador,68,1,Piura,Otro,Otro,1
HIST-1125,4,13,sector_privado,nula,Administrador,106,0,Otro,Organismos Autónomos,Solo visualizador,0
HIST-1126,1,19,sector_privado,alta,Administrador,68,0,Arequipa,Otro,Finalista/Seleccionado,0
HIST-1127,9,2,independiente,nula,Medico,105,1,Piura,Organismos Autónomos,Postulante frecuente,1
HIST-1128,10,10,sector_publico,media,Otro,176,0,Piura,Ministerios/Poder Ejecutivo,Otro,1
HIST-1129,7,8,sector_publico,alta,Abogado,86,1,Callao,Municipalidades,Solo visualizador,1
HIST-1130,7,19,independiente,nula,Medico,162,1,Lima,Otro,Finalista/Seleccionado,1
HIST-1131,3,10,independiente,alta,Economista,119,1,Piura,Ministerios/Poder Ejecutivo,Postulante frecuente,1
HIST-1132,3,2,independiente,nula,Abogado,79,0,Otro,Gobierno Regional,Solo visualizador,0
HIST-1133,7,2,sector_publico,media,Abogado,37,0,Arequipa,Otro,Finalista/Seleccionado,0
HIST-1134,8,6,sector_publico,nula,Profesor,88,1,Lima,Gobierno Regional,Otro,1
HIST-1135,3,20,sector_privado,nula,Otro,63,1,Piura,Municipalidades,Solo visualizador,1
HIST-1136,1,4,independiente,nula,Administrador,6,1,Callao,Organismos Autónomos,Finalista/Seleccionado,0
HIST-1137,9,18,independiente,media,Abogado,70,1,Otro,Ministerios/Poder Ejecutivo,Otro,1
HIST-1138,6,5,sector_publico,media,Administrador,87,1,Cusco,Otro,Otro,1
HIST-1139,7,14,sector_publico,media,Economista,167,1,Cusco,Municipalidades,Postulante frecuente,1
HIST-1140,8,2,independiente,nula,Abogado,72,0,Piura,Municipalidades,Otro,0
HIST-1141,7,16,independiente,media,Otro,169,0,Lima,Gobierno Regional,Solo visualizador,1
HIST-1142,1,2,sector_privado,nula,Abogado,116,0,Arequipa,Gobierno Regional,Otro,0
HIST-1143,4,12,sector_publico,alta,Ingeniero,96,0,Arequipa,Ministerios/Poder Ejecutivo,Finalista/Seleccionado,1
HIST-1144,2,7,independiente,media,Abogado,28,1,Callao,Otro,Otro,0
HIST-1145,3,2,independiente,media,Medico,142,0,Otro,Organismos Autónomos,Postulante frecuente,0
HIST-1146,2,19,sector_privado,nula,Contador,120,1,Piura,Gobierno Regional,Finalista/Seleccionado,0
HIST-1147,4,0,independiente,nula,Profesor,28,0,Callao,Gobierno Regional,Finalista/Seleccionado,0
HIST-1148,4,15,independiente,nula,Otro,131,0,Cusco,Ministerios/Poder Ejecutivo,Solo visualizador,1
HIST-1149,2,9,independiente,media,Economista,27,0,Otro,Gobierno Regional,Solo visualizador,0
HIST-1150,6,0,sector_privado,alta,Administrador,161,1,Piura,Organismos Autónomos,Finalista/Seleccionado,0
HIST-1151,3,11,independiente,media,Arquitecto,168,1,Cusco,Gobierno Regional,Solo visualizador,1
HIST-1152,10,2,independiente,alta,Profesor,53,1,Lima,Organismos Autónomos,Finalista/Seleccionado,0
HIST-1153,8,6,sector_privado,nula,Arquitecto,98,1,Otro,Gobierno Regional,Postulante frecuente,1
HIST-1154,1,1,sector_publico,nula,Contador,84,1,Piura,Municipalidades,Solo visualizador,0
HIST-1155,2,4,sector_publico,media,Arquitecto,95,1,Otro,Ministerios/Poder Ejecutivo,Otro,0
HIST-1156,10,8,independiente,alta,Abogado,70,1,Cusco,Organismos Autónomos,Postulante frecuente,1
HIST-1157,10,5,independiente,alta,Otro,170,0,Otro,Gobierno Regional,Solo visualizador,0
HIST-1158,4,13,independiente,nula,Contador,138,0,Cusco,Organismos Autónomos,Postulante frecuente,1
HIST-1159,0,18,independiente,alta,Ingeniero,11,0,Arequipa,Organismos Autónomos,Solo visualizador,0
HIST-1160,8,9,sector_privado,media,Contador,92,0,Lima,Gobierno Regional,Solo visualizador,1
HIST-1161,8,7,independiente,media,Ingeniero,67,0,Piura,Ministerios/Poder Ejecutivo,Postulante frecuente,1
HIST-1162,2,11,sector_publico,alta,Administrador,36,1,Cusco,Otro,Otro,0
HIST-1163,4,7,sector_privado,nula,Medico,100,0,Callao,Organismos Autónomos,Otro,0
HIST-1164,4,12,independiente,nula,Profesor,29,1,Callao,Otro,Solo visualizador,1
HIST-1165,3,6,independiente,alta,Ingeniero,128,1,Otro,Otro,Postulante frecuente,1
HIST-1166,7,13,sector_privado,media,Otro,109,0,Lima,Gobierno Regional,Solo visualizador,0
HIST-1167,8,5,sector_privado,alta,Otro,155,0,Arequipa,Otro,Postulante frecuente,0
HIST-1168,10,4,sector_privado,media,Administrador,75,0,Arequipa,Gobierno Regional,Solo visualizador,0
HIST-1169,8,16,sector_privado,media,Profesor,69,1,Cusco,Municipalidades,Finalista/Seleccionado,1
HIST-1170,10,14,sector_privado,alta,Arquitecto,45,0,Callao,Ministerios/Poder Ejecutivo,Finalista/Seleccionado,0
HIST-1171,8,20,sector_publico,nula,Profesor,48,0,Arequipa,Municipalidades,Postulante frecuente,1
HIST-1172,10,13,sector_publico,media,Profesor,127,0,Callao,Organismos Autónomos,Solo visualizador,0
HIST-1173,0,16,independiente,media,Otro,170,0,Arequipa,Otro,Finalista/Seleccionado,0
HIST-1174,9,8,independiente,alta,Administrador,15,1,Piura,Organismos Autónomos,Otro,1
HIST-1175,9,1,sector_privado,alta,Otro,102,0,Cusco,Otro,Finalista/Seleccionado,0
HIST-1176,3,18,sector_privado,alta,Otro,90,0,Arequipa,Otro,Postulante frecuente,1
HIST-1177,0,6,independiente,media,Otro,148,0,Arequipa,Otro,Otro,0
HIST-1178,1,18,sector_publico,alta,Profesor,143,0,Arequipa,Gobierno Regional,Postulante frecuente,0
HIST-1179,3,14,independiente,nula,Otro,126,1,Piura,Organismos Autónomos,Solo visualizador,1
HIST-1180,2,3,sector_privado,alta,Abogado,78,0,Otro,Gobierno Regional,Otro,0
HIST-1181,2,4,independiente,media,Arquitecto,123,0,Lima,Otro,Solo visualizador,0
HIST-1182,9,0,sector_publico,alta,Contador,6,0,Arequipa,Otro,Finalista/Seleccionado,1
HIST-1183,0,5,sector_privado,media,Medico,143,1,Otro,Municipalidades,Solo visualizador,0
HIST-1184,0,19,sector_publico,alta,Arquitecto,54,1,Lima,Municipalidades,Postulante frecuente,0
HIST-1185,3,13,sector_privado,nula,Economista,149,0,Callao,Organismos Autónomos,Solo visualizador,0
HIST-1186,4,7,independiente,nula,Abogado,109,1,Cusco,Organismos Autónomos,Solo visualizador,1
HIST-1187,7,0,sector_privado,media,Ingeniero,178,0,Lima,Otro,Solo visualizador,0
HIST-1188,10,11,sector_privado,nula,Contador,89,1,Piura,Gobierno Regional,Postulante frecuente,1
HIST-1189,7,18,sector_privado,media,Administrador,124,0,Callao,Organismos Autónomos,Otro,0
HIST-1190,9,11,independiente,nula,Abogado,107,1,Arequipa,Otro,Solo visualizador,1
HIST-1191,3,16,sector_privado,media,Otro,54,0,Callao,Organismos Autónomos,Otro,0
HIST-1192,5,12,sector_publico,nula,Economista,173,0,Arequipa,Municipalidades,Finalista/Seleccionado,1
HIST-1193,10,1,independiente,media,Arquitecto,118,1,Cusco,Ministerios/Poder Ejecutivo,Solo visualizador,0
HIST-1194,1,17,sector_privado,alta,Arquitecto,166,0,Lima,Organismos Autónomos,Otro,0
HIST-1195,8,1,independiente,media,Profesor,170,0,Cusco,Gobierno Regional,Postulante frecuente,0
HIST-1196,7,12,independiente,alta,Abogado,35,1,Lima,Organismos Autónomos,Postulante frecuente,1
HIST-1197,0,19,sector_privado,nula,Medico,170,0,Lima,Ministerios/Poder Ejecutivo,Finalista/Seleccionado,0
HIST-1198,1,9,sector_publico,alta,Profesor,52,1,Piura,Municipalidades,Otro,0
HIST-1199,1,5,sector_publico,media,Administrador,95,0,Callao,Otro,Postulante frecuente,0
HIST-1200,9,5,independiente,alta,Otro,44,1,Arequipa,Organismos Autónomos,Finalista/Seleccionado,1
HIST-1201,0,19,sector_publico,nula,Ingeniero,130,0,Piura,Organismos Autónomos,Finalista/Seleccionado,0
HIST-1202,5,1,independiente,media,Ingeniero,169,0,Cusco,Ministerios/Poder Ejecutivo,Otro,0
HIST-1203,6,6,sector_publico,nula,Contador,127,0,Piura,Ministerios/Poder Ejecutivo,Solo visualizador,1
HIST-1204,5,1,sector_publico,nula,Economista,25,0,Otro,Ministerios/Poder Ejecutivo,Otro,0
HIST-1205,6,0,sector_privado,media,Profesor,2,0,Cusco,Ministerios/Poder Ejecutivo,Solo visualizador,1
HIST-1206,6,3,sector_publico,media,Abogado,32,1,Callao,Gobierno Regional,Solo visualizador,1
HIST-1207,4,17,sector_privado,media,Ingeniero,75,1,Callao,Municipalidades,Solo visualizador,1
HIST-1208,5,12,independiente,alta,Economista,107,0,Otro,Ministerios/Poder Ejecutivo,Postulante frecuente,1
HIST-1209,2,14,sector_publico,alta,Otro,126,1,Cusco,Gobierno Regional,Solo visualizador,0
HIST-1210,9,5,sector_privado,alta,Otro,18,0,Arequipa,Organismos Autónomos,Postulante frecuente,0
HIST-1211,10,19,independiente,nula,Contador,171,1,Callao,Municipalidades,Otro,1
HIST-1212,5,7,sector_privado,media,Contador,53,1,Lima,Gobierno Regional,Solo visualizador,1
HIST-1213,2,4,sector_privado,media,Profesor,112,0,Cusco,Gobierno Regional,Otro,0
HIST-1214,3,14,sector_privado,nula,Contador,175,0,Cusco,Otro,Solo visualizador,1
HIST-1215,0,1,sector_privado,media,Otro,12,0,Cusco,Ministerios/Poder Ejecutivo,Otro,0
HIST-1216,8,16,independiente,alta,Ingeniero,136,0,Arequipa,Otro,Postulante frecuente,1
HIST-1217,4,14,sector_privado,alta,Ingeniero,95,1,Arequipa,Municipalidades,Postulante frecuente,1
HIST-1218,2,8,sector_privado,nula,Economista,153,1,Otro,Ministerios/Poder Ejecutivo,Finalista/Seleccionado,0
HIST-1219,0,17,sector_privado,media,Otro,146,1,Callao,Gobierno Regional,Solo visualizador,0
HIST-1220,2,15,sector_privado,media,Ingeniero,172,0,Piura,Gobierno Regional,Postulante frecuente,0
HIST-1221,7,13,sector_publico,alta,Abogado,49,0,Cusco,Organismos Autónomos,Otro,1
HIST-1222,2,5,sector_privado,media,Abogado,15,1,Otro,Gobierno Regional,Finalista/Seleccionado,0
HIST-1223,0,15,sector_privado,media,Profesor,121,0,Arequipa,Gobierno Regional,Postulante frecuente,0
HIST-1224,2,17,sector_privado,alta,Contador,114,1,Otro,Gobierno Regional,Finalista/Seleccionado,0
HIST-1225,7,14,sector_privado,nula,Profesor,87,0,Lima,Otro,Postulante frecuente,1
HIST-1226,9,6,sector_privado,media,Administrador,8,1,Callao,Municipalidades,Finalista/Seleccionado,1
HIST-1227,1,16,independiente,media,Economista,49,1,Cusco,Otro,Otro,0
HIST-1228,2,11,independiente,nula,Abogado,71,0,Callao,Organismos Autónomos,Finalista/Seleccionado,0
HIST-1229,5,6,sector_publico,nula,Ingeniero,176,1,Piura,Ministerios/Poder Ejecutivo,Otro,1
HIST-1230,9,3,sector_privado,alta,Ingeniero,167,1,Lima,Ministerios/Poder Ejecutivo,Solo visualizador,1
HIST-1231,9,7,sector_privado,media,Arquitecto,113,0,Otro,Municipalidades,Postulante frecuente,1
HIST-1232,8,10,sector_privado,nula,Medico,106,0,Piura,Ministerios/Poder Ejecutivo,Finalista/Seleccionado,0
HIST-1233,3,16,sector_privado,media,Medico,174,0,Arequipa,Organismos Autónomos,Otro,0
HIST-1234,0,10,independiente,media,Abogado,118,0,Otro,Ministerios/Poder Ejecutivo,Postulante frecuente,0
HIST-1235,7,17,sector_privado,alta,Otro,134,0,Piura,Gobierno Regional,Solo visualizador,0
HIST-1236,9,11,sector_privado,media,Arquitecto,96,0,Piura,Municipalidades,Solo visualizador,1
HIST-1237,0,7,independiente,nula,Abogado,130,0,Cusco,Municipalidades,Otro,0
HIST-1238,10,19,independiente,alta,Medico,85,0,Arequipa,Ministerios/Poder Ejecutivo,Postulante frecuente,1
HIST-1239,9,10,sector_publico,media,Ingeniero,26,1,Callao,Organismos Autónomos,Solo visualizador,1
HIST-1240,3,2,sector_publico,nula,Economista,164,0,Arequipa,Municipalidades,Otro,0
HIST-1241,4,2,sector_publico,media,Otro,81,0,Piura,Otro,Otro,1
HIST-1242,7,6,sector_publico,media,Contador,12,1,Arequipa,Gobierno Regional,Finalista/Seleccionado,1
HIST-1243,7,19,independiente,nula,Medico,179,1,Callao,Organismos Autónomos,Solo visualizador,1
HIST-1244,4,0,sector_privado,nula,Economista,179,0,Cusco,Otro,Otro,0
HIST-1245,8,3,sector_publico,media,Arquitecto,45,0,Lima,Ministerios/Poder Ejecutivo,Postulante frecuente,1
HIST-1246,3,2,sector_publico,alta,Contador,125,0,Arequipa,Organismos Autónomos,Solo visualizador,0
HIST-1247,10,15,independiente,alta,Arquitecto,19,1,Callao,Municipalidades,Finalista/Seleccionado,1
HIST-1248,10,19,independiente,alta,Ingeniero,68,0,Arequipa,Municipalidades,Otro,1
HIST-1249,10,3,sector_privado,media,Administrador,165,1,Lima,Gobierno Regional,Postulante frecuente,1
HIST-1250,6,8,sector_publico,alta,Economista,53,0,Piura,Otro,Postulante frecuente,1
HIST-1251,7,0,sector_publico,alta,Administrador,116,0,Otro,Otro,Otro,0
HIST-1252,3,19,sector_privado,alta,Otro,16,0,Arequipa,Otro,Postulante frecuente,1
HIST-1253,3,16,independiente,nula,Economista,33,1,Cusco,Municipalidades,Postulante frecuente,1
HIST-1254,5,10,sector_privado,nula,Contador,149,1,Otro,Ministerios/Poder Ejecutivo,Postulante frecuente,1
HIST-1255,2,11,sector_publico,nula,Arquitecto,71,1,Lima,Ministerios/Poder Ejecutivo,Finalista/Seleccionado,0
HIST-1256,6,12,sector_publico,media,Arquitecto,175,0,Otro,Organismos Autónomos,Otro,1
HIST-1257,8,13,independiente,alta,Administrador,118,0,Lima,Gobierno Regional,Postulante frecuente,1
HIST-1258,0,20,sector_privado,nula,Ingeniero,49,0,Lima,Ministerios/Poder Ejecutivo,Solo visualizador,0
HIST-1259,2,14,sector_publico,nula,Abogado,163,1,Otro,Organismos Autónomos,Solo visualizador,0
HIST-1260,0,1,sector_publico,media,Ingeniero,64,1,Callao,Municipalidades,Finalista/Seleccionado,0
HIST-1261,1,20,sector_privado,nula,Ingeniero,178,0,Otro,Gobierno Regional,Finalista/Seleccionado,0
HIST-1262,3,10,sector_publico,alta,Contador,140,0,Otro,Gobierno Regional,Otro,1
HIST-1263,8,13,independiente,alta,Medico,110,0,Piura,Organismos Autónomos,Solo visualizador,0
HIST-1264,8,0,independiente,nula,Economista,113,0,Lima,Organismos Autónomos,Otro,0
HIST-1265,4,0,independiente,media,Contador,4,0,Cusco,Ministerios/Poder Ejecutivo,Otro,1
HIST-1266,9,7,sector_privado,nula,Ingeniero,38,1,Callao,Gobierno Regional,Postulante frecuente,1
HIST-1267,10,15,sector_publico,alta,Ingeniero,144,1,Otro,Ministerios/Poder Ejecutivo,Otro,1
HIST-1268,8,3,sector_publico,media,Medico,27,1,Lima,Ministerios/Poder Ejecutivo,Otro,1
HIST-1269,5,20,sector_publico,media,Abogado,79,1,Otro,Municipalidades,Postulante frecuente,1
HIST-1270,10,20,sector_privado,media,Otro,6,1,Arequipa,Ministerios/Poder Ejecutivo,Postulante frecuente,1
HIST-1271,4,2,sector_privado,alta,Administrador,146,0,Callao,Gobierno Regional,Otro,0
HIST-1272,2,8,sector_publico,media,Medico,84,0,Arequipa,Otro,Postulante frecuente,0
HIST-1273,10,13,sector_privado,media,Otro,68,0,Arequipa,Ministerios/Poder Ejecutivo,Otro,0
HIST-1274,6,5,sector_privado,alta,Administrador,177,0,Lima,Organismos Autónomos,Otro,0
HIST-1275,6,6,independiente,media,Otro,0,0,Otro,Otro,Otro,1
HIST-1276,3,4,sector_publico,alta,Administrador,31,1,Cusco,Municipalidades,Finalista/Seleccionado,1
HIST-1277,7,15,sector_privado,media,Profesor,125,1,Callao,Municipalidades,Finalista/Seleccionado,1
HIST-1278,2,8,independiente,nula,Abogado,179,0,Otro,Otro,Otro,0
HIST-1279,0,13,sector_privado,media,Contador,86,0,Cusco,Municipalidades,Solo visualizador,0
HIST-1280,8,16,sector_privado,nula,Otro,108,0,Lima,Ministerios/Poder Ejecutivo,Finalista/Seleccionado,0
HIST-1281,4,0,sector_privado,nula,Profesor,148,1,Callao,Otro,Otro,1
HIST-1282,0,10,sector_privado,alta,Otro,107,1,Callao,Ministerios/Poder Ejecutivo,Finalista/Seleccionado,0
HIST-1283,5,9,sector_publico,nula,Medico,174,0,Callao,Municipalidades,Finalista/Seleccionado,1
HIST-1284,1,20,sector_privado,alta,Arquitecto,131,0,Cusco,Organismos Autónomos,Otro,0
HIST-1285,9,19,sector_privado,media,Arquitecto,54,0,Otro,Municipalidades,Postulante frecuente,1
HIST-1286,0,16,sector_publico,alta,Arquitecto,13,1,Lima,Ministerios/Poder Ejecutivo,Postulante frecuente,1
HIST-1287,0,12,sector_publico,alta,Abogado,38,1,Cusco,Otro,Otro,0
HIST-1288,1,5,sector_privado,nula,Otro,21,1,Callao,Otro,Solo visualizador,0
HIST-1289,8,1,independiente,nula,Abogado,74,0,Piura,Otro,Solo visualizador,0
HIST-1290,7,11,sector_publico,media,Ingeniero,77,0,Cusco,Otro,Postulante frecuente,1
HIST-1291,6,17,independiente,alta,Otro,163,0,Callao,Ministerios/Poder Ejecutivo,Otro,0
HIST-1292,1,2,independiente,nula,Abogado,3,1,Callao,Municipalidades,Finalista/Seleccionado,0
HIST-1293,3,12,sector_publico,media,Ingeniero,101,0,Lima,Organismos Autónomos,Finalista/Seleccionado,1
HIST-1294,6,18,sector_publico,media,Contador,149,1,Piura,Gobierno Regional,Otro,1
HIST-1295,6,17,sector_privado,nula,Ingeniero,54,1,Callao,Ministerios/Poder Ejecutivo,Solo visualizador,1
HIST-1296,0,12,independiente,alta,Arquitecto,88,1,Piura,Otro,Otro,0
HIST-1297,2,12,independiente,nula,Profesor,156,1,Cusco,Gobierno Regional,Solo visualizador,0
HIST-1298,8,16,sector_privado,alta,Medico,3,1,Otro,Otro,Postulante frecuente,1
HIST-1299,5,1,independiente,media,Otro,2,0,Cusco,Otro,Postulante frecuente,1
HIST-1300,8,11,sector_privado,media,Abogado,176,1,Lima,Ministerios/Poder Ejecutivo,Postulante frecuente,1
HIST-1301,9,1,independiente,media,Ingeniero,123,1,Lima,Ministerios/Poder Ejecutivo,Postulante frecuente,1
HIST-1302,7,2,independiente,alta,Economista,146,0,Cusco,Gobierno Regional,Postulante frecuente,0
HIST-1303,4,18,independiente,media,Ingeniero,139,0,Callao,Otro,Solo visualizador,0
HIST-1304,10,3,independiente,nula,Ingeniero,157,0,Piura,Gobierno Regional,Otro,0
HIST-1305,3,5,sector_privado,alta,Ingeniero,31,1,Lima,Organismos Autónomos,Otro,1
HIST-1306,0,20,independiente,alta,Arquitecto,168,1,Cusco,Municipalidades,Finalista/Seleccionado,0
HIST-1307,3,0,sector_publico,alta,Profesor,10,0,Callao,Gobierno Regional,Solo visualizador,1
HIST-1308,10,20,independiente,alta,Profesor,30,0,Cusco,Gobierno Regional,Otro,0
HIST-1309,0,18,sector_publico,media,Otro,160,0,Cusco,Otro,Postulante frecuente,0
HIST-1310,4,18,sector_publico,media,Ingeniero,103,0,Callao,Municipalidades,Solo visualizador,1
HIST-1311,5,20,sector_publico,nula,Otro,2,1,Otro,Municipalidades,Postulante frecuente,1
HIST-1312,0,7,sector_privado,alta,Ingeniero,152,1,Cusco,Gobierno Regional,Finalista/Seleccionado,0
HIST-1313,4,1,sector_publico,alta,Profesor,66,1,Callao,Gobierno Regional,Otro,1
HIST-1314,6,18,sector_privado,nula,Medico,65,1,Otro,Organismos Autónomos,Postulante frecuente,1
HIST-1315,3,7,sector_publico,media,Otro,42,0,Piura,Municipalidades,Solo visualizador,1
HIST-1316,6,17,sector_privado,nula,Profesor,133,0,Otro,Organismos Autónomos,Finalista/Seleccionado,0
HIST-1317,10,15,sector_privado,alta,Profesor,9,0,Arequipa,Gobierno Regional,Solo visualizador,1
HIST-1318,9,7,sector_publico,nula,Contador,13,0,Lima,Ministerios/Poder Ejecutivo,Finalista/Seleccionado,1
HIST-1319,3,3,sector_publico,nula,Medico,32,1,Piura,Gobierno Regional,Otro,1
HIST-1320,1,4,sector_publico,nula,Arquitecto,55,0,Arequipa,Otro,Postulante frecuente,0
HIST-1321,6,17,sector_privado,alta,Otro,47,0,Callao,Ministerios/Poder Ejecutivo,Postulante frecuente,1
HIST-1322,5,15,sector_privado,media,Otro,25,0,Cusco,Otro,Finalista/Seleccionado,0
HIST-1323,8,8,sector_publico,media,Economista,40,1,Arequipa,Municipalidades,Postulante frecuente,1
HIST-1324,4,17,sector_publico,nula,Arquitecto,56,1,Otro,Ministerios/Poder Ejecutivo,Postulante frecuente,1
HIST-1325,9,17,independiente,nula,Abogado,157,0,Lima,Municipalidades,Finalista/Seleccionado,0
HIST-1326,6,18,independiente,alta,Economista,41,0,Callao,Otro,Otro,0
HIST-1327,4,2,sector_privado,nula,Profesor,78,1,Arequipa,Otro,Solo visualizador,0
HIST-1328,3,15,sector_publico,alta,Ingeniero,45,0,Lima,Organismos Autónomos,Otro,1
HIST-1329,3,7,sector_privado,nula,Administrador,102,0,Cusco,Municipalidades,Postulante frecuente,1
HIST-1330,2,8,independiente,media,Ingeniero,19,1,Cusco,Otro,Otro,0
HIST-1331,3,3,sector_publico,nula,Profesor,63,0,Callao,Gobierno Regional,Solo visualizador,1
HIST-1332,8,3,sector_publico,media,Medico,52,1,Lima,Gobierno Regional,Finalista/Seleccionado,1
HIST-1333,5,4,sector_publico,media,Ingeniero,16,1,Piura,Organismos Autónomos,Finalista/Seleccionado,1
HIST-1334,9,8,independiente,media,Abogado,160,1,Otro,Municipalidades,Postulante frecuente,1
HIST-1335,3,11,sector_publico,nula,Contador,3,1,Lima,Ministerios/Poder Ejecutivo,Solo visualizador,1
HIST-1336,1,1,independiente,alta,Medico,150,0,Callao,Gobierno Regional,Solo visualizador,0
HIST-1337,1,17,independiente,media,Ingeniero,139,1,Piura,Municipalidades,Otro,0
HIST-1338,6,6,independiente,alta,Profesor,169,1,Cusco,Ministerios/Poder Ejecutivo,Otro,1
HIST-1339,10,1,sector_publico,nula,Contador,96,0,Arequipa,Otro,Otro,0
HIST-1340,10,13,independiente,media,Abogado,70,1,Lima,Ministerios/Poder Ejecutivo,Solo visualizador,1
HIST-1341,1,12,sector_privado,media,Otro,16,1,Cusco,Otro,Otro,0
HIST-1342,3,20,sector_privado,nula,Ingeniero,37,1,Otro,Ministerios/Poder Ejecutivo,Postulante frecuente,1
HIST-1343,0,3,independiente,alta,Administrador,39,1,Lima,Otro,Postulante frecuente,0
HIST-1344,4,15,independiente,alta,Contador,154,0,Callao,Otro,Solo visualizador,0
HIST-1345,9,15,sector_publico,alta,Ingeniero,123,0,Arequipa,Municipalidades,Solo visualizador,1
HIST-1346,6,0,sector_privado,nula,Abogado,84,0,Lima,Municipalidades,Finalista/Seleccionado,0
HIST-1347,1,19,sector_privado,media,Abogado,107,1,Cusco,Organismos Autónomos,Solo visualizador,0
HIST-1348,6,1,sector_publico,nula,Otro,163,1,Cusco,Gobierno Regional,Finalista/Seleccionado,1
HIST-1349,8,4,sector_publico,media,Administrador,100,0,Otro,Municipalidades,Otro,1
HIST-1350,5,5,independiente,media,Economista,6,0,Cusco,Otro,Finalista/Seleccionado,0
HIST-1351,2,3,sector_publico,nula,Administrador,162,0,Callao,Otro,Solo visualizador,0
HIST-1352,6,11,sector_publico,alta,Profesor,36,0,Cusco,Organismos Autónomos,Finalista/Seleccionado,1
HIST-1353,7,14,sector_privado,media,Medico,92,1,Callao,Otro,Finalista/Seleccionado,1
HIST-1354,0,6,sector_privado,alta,Abogado,27,0,Otro,Ministerios/Poder Ejecutivo,Solo visualizador,0
HIST-1355,5,5,sector_publico,media,Arquitecto,115,0,Otro,Otro,Solo visualizador,0
HIST-1356,3,18,sector_privado,media,Medico,15,1,Lima,Gobierno Regional,Solo visualizador,1
HIST-1357,2,4,sector_publico,nula,Ingeniero,14,0,Piura,Municipalidades,Postulante frecuente,0
HIST-1358,0,20,independiente,media,Economista,117,1,Otro,Otro,Otro,0
HIST-1359,2,11,independiente,alta,Ingeniero,31,0,Lima,Gobierno Regional,Finalista/Seleccionado,0
HIST-1360,7,17,sector_privado,nula,Economista,7,0,Lima,Organismos Autónomos,Otro,1
HIST-1361,5,13,sector_privado,alta,Otro,78,1,Piura,Organismos Autónomos,Solo visualizador,1
HIST-1362,10,12,independiente,media,Arquitecto,1,0,Piura,Organismos Autónomos,Solo visualizador,1
HIST-1363,10,20,independiente,nula,Ingeniero,168,0,Callao,Otro,Otro,0
HIST-1364,2,15,independiente,nula,Profesor,44,1,Callao,Municipalidades,Solo visualizador,0
HIST-1365,10,19,sector_publico,media,Contador,132,0,Arequipa,Otro,Otro,1
HIST-1366,0,1,sector_publico,alta,Abogado,44,0,Cusco,Gobierno Regional,Postulante frecuente,0
HIST-1367,5,6,sector_publico,alta,Abogado,132,1,Otro,Ministerios/Poder Ejecutivo,Postulante frecuente,1
HIST-1368,9,11,independiente,nula,Medico,52,1,Callao,Ministerios/Poder Ejecutivo,Otro,1
HIST-1369,3,14,independiente,media,Medico,130,1,Callao,Gobierno Regional,Finalista/Seleccionado,1
HIST-1370,8,12,sector_privado,alta,Ingeniero,22,1,Otro,Organismos Autónomos,Solo visualizador,1
HIST-1371,10,0,sector_publico,alta,Administrador,118,0,Lima,Otro,Finalista/Seleccionado,0
HIST-1372,0,14,sector_publico,media,Profesor,35,0,Lima,Otro,Postulante frecuente,0
HIST-1373,0,1,independiente,media,Economista,66,0,Lima,Otro,Solo visualizador,0
HIST-1374,2,18,independiente,alta,Profesor,148,1,Piura,Gobierno Regional,Solo visualizador,0
HIST-1375,6,8,sector_privado,nula,Arquitecto,128,1,Cusco,Ministerios/Poder Ejecutivo,Solo visualizador,1
HIST-1376,6,2,sector_publico,media,Ingeniero,25,0,Callao,Otro,Postulante frecuente,1
HIST-1377,7,0,independiente,media,Medico,174,1,Cusco,Organismos Autónomos,Finalista/Seleccionado,1
HIST-1378,10,3,independiente,nula,Medico,38,0,Cusco,Municipalidades,Otro,0
HIST-1379,2,14,sector_privado,nula,Ingeniero,140,0,Otro,Gobierno Regional,Postulante frecuente,0
HIST-1380,0,9,independiente,alta,Otro,113,0,Callao,Municipalidades,Otro,0
HIST-1381,10,11,independiente,media,Economista,165,1,Piura,Municipalidades,Finalista/Seleccionado,1
HIST-1382,9,1,sector_publico,nula,Otro,142,1,Lima,Organismos Autónomos,Postulante frecuente,1
HIST-1383,8,6,sector_privado,media,Economista,112,1,Arequipa,Otro,Otro,1
HIST-1384,10,7,sector_privado,media,Arquitecto,153,0,Cusco,Ministerios/Poder Ejecutivo,Postulante frecuente,1
HIST-1385,0,5,independiente,media,Economista,25,0,Lima,Ministerios/Poder Ejecutivo,Postulante frecuente,0
HIST-1386,10,14,sector_privado,nula,Abogado,70,0,Arequipa,Municipalidades,Finalista/Seleccionado,0
HIST-1387,7,0,sector_publico,nula,Economista,133,1,Lima,Ministerios/Poder Ejecutivo,Postulante frecuente,1
HIST-1388,6,1,independiente,nula,Economista,130,1,Piura,Ministerios/Poder Ejecutivo,Otro,1
HIST-1389,6,2,independiente,alta,Arquitecto,14,0,Otro,Gobierno Regional,Postulante frecuente,1
HIST-1390,9,2,sector_publico,alta,Medico,34,0,Otro,Organismos Autónomos,Solo visualizador,0
HIST-1391,9,4,sector_publico,alta,Administrador,147,0,Arequipa,Ministerios/Poder Ejecutivo,Otro,0
HIST-1392,1,6,sector_privado,alta,Medico,112,0,Arequipa,Municipalidades,Solo visualizador,0
HIST-1393,7,8,sector_publico,alta,Economista,170,0,Otro,Otro,Postulante frecuente,1
HIST-1394,2,5,independiente,nula,Profesor,77,1,Callao,Ministerios/Poder Ejecutivo,Postulante frecuente,0
HIST-1395,6,3,independiente,media,Otro,152,0,Callao,Gobierno Regional,Solo visualizador,0
HIST-1396,3,8,sector_publico,alta,Medico,83,0,Otro,Gobierno Regional,Solo visualizador,1
HIST-1397,8,9,sector_privado,nula,Abogado,171,1,Lima,Municipalidades,Postulante frecuente,1
HIST-1398,5,3,sector_publico,media,Economista,6,1,Lima,Municipalidades,Postulante frecuente,1
HIST-1399,8,8,sector_publico,alta,Arquitecto,6,0,Otro,Organismos Autónomos,Postulante frecuente,1
HIST-1400,9,0,sector_privado,alta,Contador,146,1,Otro,Otro,Postulante frecuente,1
HIST-1401,9,2,independiente,media,Ingeniero,19,0,Lima,Otro,Otro,0
HIST-1402,1,3,independiente,alta,Contador,28,1,Cusco,Ministerios/Poder Ejecutivo,Postulante frecuente,0
HIST-1403,4,19,independiente,nula,Administrador,90,1,Callao,Municipalidades,Postulante frecuente,1
HIST-1404,5,7,sector_privado,nula,Ingeniero,11,1,Piura,Municipalidades,Solo visualizador,1
HIST-1405,4,0,sector_privado,alta,Arquitecto,92,1,Piura,Otro,Solo visualizador,1
HIST-1406,9,9,sector_publico,alta,Abogado,125,1,Lima,Ministerios/Poder Ejecutivo,Solo visualizador,1
HIST-1407,3,3,sector_publico,nula,Abogado,18,1,Lima,Otro,Finalista/Seleccionado,1
HIST-1408,9,15,independiente,nula,Ingeniero,154,1,Cusco,Organismos Autónomos,Otro,1
HIST-1409,4,12,sector_publico,alta,Arquitecto,41,0,Lima,Ministerios/Poder Ejecutivo,Solo visualizador,1
HIST-1410,1,1,independiente,nula,Profesor,132,1,Arequipa,Municipalidades,Solo visualizador,0
HIST-1411,5,20,sector_publico,alta,Economista,105,1,Lima,Organismos Autónomos,Otro,1
HIST-1412,5,5,independiente,nula,Economista,67,1,Callao,Gobierno Regional,Otro,0
HIST-1413,9,9,independiente,alta,Economista,29,1,Otro,Organismos Autónomos,Solo visualizador,1
HIST-1414,8,15,sector_privado,nula,Administrador,24,1,Lima,Organismos Autónomos,Solo visualizador,1
HIST-1415,7,7,sector_privado,alta,Economista,91,0,Cusco,Municipalidades,Solo visualizador,1
HIST-1416,2,3,sector_privado,alta,Contador,154,1,Cusco,Gobierno Regional,Postulante frecuente,0
HIST-1417,10,20,sector_publico,media,Administrador,30,0,Callao,Otro,Solo visualizador,1
HIST-1418,8,20,sector_publico,media,Arquitecto,180,1,Piura,Ministerios/Poder Ejecutivo,Finalista/Seleccionado,1
HIST-1419,9,13,sector_publico,alta,Abogado,96,1,Callao,Municipalidades,Postulante frecuente,1
HIST-1420,10,0,sector_privado,alta,Economista,100,0,Cusco,Ministerios/Poder Ejecutivo,Solo visualizador,0
HIST-1421,9,2,sector_publico,media,Arquitecto,85,1,Cusco,Ministerios/Poder Ejecutivo,Solo visualizador,1
HIST-1422,8,8,sector_publico,media,Medico,3,1,Lima,Otro,Finalista/Seleccionado,1
HIST-1423,7,11,sector_publico,nula,Administrador,116,0,Otro,Otro,Postulante frecuente,1
HIST-1424,1,13,sector_privado,nula,Ingeniero,164,1,Otro,Gobierno Regional,Postulante frecuente,1
HIST-1425,6,14,sector_publico,alta,Otro,36,1,Piura,Gobierno Regional,Otro,1
HIST-1426,4,10,independiente,media,Ingeniero,11,0,Arequipa,Municipalidades,Otro,1
HIST-1427,8,4,sector_publico,nula,Profesor,70,0,Cusco,Ministerios/Poder Ejecutivo,Postulante frecuente,1
HIST-1428,8,11,sector_publico,alta,Medico,70,1,Cusco,Municipalidades,Postulante frecuente,1
HIST-1429,1,17,independiente,alta,Abogado,61,0,Piura,Municipalidades,Solo visualizador,0
HIST-1430,10,17,sector_publico,alta,Economista,111,0,Callao,Municipalidades,Postulante frecuente,1
HIST-1431,10,1,sector_privado,nula,Profesor,23,0,Arequipa,Otro,Postulante frecuente,1
HIST-1432,9,20,sector_privado,alta,Contador,91,1,Callao,Gobierno Regional,Finalista/Seleccionado,1
HIST-1433,5,16,sector_privado,nula,Abogado,139,1,Cusco,Ministerios/Poder Ejecutivo,Finalista/Seleccionado,1
HIST-1434,8,16,independiente,alta,Economista,96,1,Piura,Gobierno Regional,Solo visualizador,1
HIST-1435,9,19,sector_privado,nula,Economista,96,1,Arequipa,Municipalidades,Finalista/Seleccionado,1
HIST-1436,1,20,independiente,nula,Arquitecto,156,0,Cusco,Gobierno Regional,Finalista/Seleccionado,0
HIST-1437,5,17,independiente,media,Administrador,89,0,Cusco,Gobierno Regional,Otro,1
HIST-1438,5,6,independiente,media,Administrador,45,0,Cusco,Otro,Otro,0
HIST-1439,2,11,sector_privado,alta,Medico,108,0,Arequipa,Organismos Autónomos,Postulante frecuente,0
HIST-1440,7,12,sector_publico,media,Ingeniero,58,1,Lima,Municipalidades,Finalista/Seleccionado,1
HIST-1441,4,6,sector_publico,media,Abogado,28,1,Callao,Otro,Solo visualizador,1
HIST-1442,3,14,sector_privado,alta,Administrador,178,0,Arequipa,Otro,Finalista/Seleccionado,0
HIST-1443,4,0,sector_publico,nula,Administrador,99,0,Cusco,Gobierno Regional,Otro,0
HIST-1444,8,8,sector_privado,nula,Administrador,153,1,Lima,Otro,Otro,1
HIST-1445,6,16,sector_privado,nula,Arquitecto,12,0,Lima,Ministerios/Poder Ejecutivo,Postulante frecuente,1
HIST-1446,9,7,sector_publico,media,Otro,128,1,Piura,Municipalidades,Finalista/Seleccionado,1
HIST-1447,7,9,sector_privado,alta,Abogado,75,0,Cusco,Municipalidades,Postulante frecuente,1
HIST-1448,5,15,independiente,nula,Ingeniero,32,1,Cusco,Municipalidades,Postulante frecuente,1
HIST-1449,4,13,sector_publico,nula,Arquitecto,30,0,Otro,Otro,Postulante frecuente,1
HIST-1450,3,19,sector_privado,nula,Arquitecto,75,1,Lima,Otro,Otro,1
HIST-1451,8,11,independiente,nula,Administrador,73,0,Callao,Gobierno Regional,Otro,0
HIST-1452,5,1,sector_publico,nula,Otro,95,1,Arequipa,Municipalidades,Solo visualizador,1
HIST-1453,7,19,sector_publico,media,Abogado,8,1,Piura,Organismos Autónomos,Postulante frecuente,1
HIST-1454,6,3,sector_privado,media,Ingeniero,44,0,Lima,Gobierno Regional,Otro,0
HIST-1455,6,6,sector_publico,nula,Profesor,93,0,Callao,Otro,Postulante frecuente,1
HIST-1456,7,0,sector_privado,alta,Medico,135,1,Callao,Otro,Solo visualizador,0
HIST-1457,0,12,independiente,alta,Profesor,65,0,Otro,Gobierno Regional,Finalista/Seleccionado,0
HIST-1458,7,11,independiente,nula,Economista,157,0,Otro,Otro,Otro,1
HIST-1459,9,4,sector_privado,media,Medico,167,1,Otro,Gobierno Regional,Solo visualizador,1
HIST-1460,0,3,independiente,alta,Medico,87,1,Piura,Municipalidades,Otro,0
HIST-1461,8,12,sector_publico,alta,Profesor,23,1,Lima,Organismos Autónomos,Postulante frecuente,1
HIST-1462,1,13,sector_privado,nula,Otro,74,1,Cusco,Ministerios/Poder Ejecutivo,Postulante frecuente,0
HIST-1463,0,12,sector_privado,nula,Medico,104,1,Cusco,Organismos Autónomos,Finalista/Seleccionado,0
HIST-1464,10,4,sector_privado,media,Economista,172,1,Otro,Gobierno Regional,Solo visualizador,1
HIST-1465,2,1,sector_publico,nula,Contador,12,0,Callao,Otro,Finalista/Seleccionado,0
HIST-1466,6,11,sector_publico,nula,Abogado,81,0,Cusco,Gobierno Regional,Solo visualizador,1
HIST-1467,6,17,independiente,nula,Contador,75,0,Lima,Ministerios/Poder Ejecutivo,Otro,0
HIST-1468,3,4,sector_privado,nula,Administrador,82,0,Lima,Municipalidades,Otro,0
HIST-1469,6,8,sector_publico,alta,Administrador,5,1,Arequipa,Municipalidades,Postulante frecuente,1
HIST-1470,0,20,independiente,alta,Medico,85,0,Otro,Otro,Finalista/Seleccionado,0
HIST-1471,4,19,sector_publico,alta,Ingeniero,125,1,Piura,Gobierno Regional,Postulante frecuente,1
HIST-1472,8,8,independiente,nula,Administrador,33,0,Lima,Otro,Otro,0
HIST-1473,5,4,sector_publico,media,Arquitecto,160,0,Piura,Otro,Otro,0
HIST-1474,2,7,sector_publico,media,Administrador,92,1,Callao,Otro,Solo visualizador,1
HIST-1475,0,14,independiente,nula,Administrador,7,0,Lima,Gobierno Regional,Postulante frecuente,0
HIST-1476,4,17,sector_privado,alta,Profesor,114,1,Otro,Otro,Postulante frecuente,1
HIST-1477,4,8,sector_privado,nula,Arquitecto,153,1,Otro,Ministerios/Poder Ejecutivo,Otro,1
HIST-1478,9,14,sector_publico,media,Administrador,156,0,Otro,Organismos Autónomos,Postulante frecuente,1
HIST-1479,7,16,sector_privado,media,Arquitecto,166,0,Cusco,Gobierno Regional,Solo visualizador,0
HIST-1480,2,20,sector_publico,alta,Arquitecto,77,0,Piura,Ministerios/Poder Ejecutivo,Otro,0
HIST-1481,10,9,sector_publico,alta,Medico,120,0,Lima,Organismos Autónomos,Postulante frecuente,1
HIST-1482,6,8,sector_privado,media,Administrador,176,0,Arequipa,Gobierno Regional,Finalista/Seleccionado,0
HIST-1483,6,16,independiente,media,Abogado,111,0,Cusco,Ministerios/Poder Ejecutivo,Solo visualizador,0
HIST-1484,10,8,independiente,nula,Arquitecto,114,0,Piura,Ministerios/Poder Ejecutivo,Finalista/Seleccionado,0
HIST-1485,5,4,sector_privado,alta,Ingeniero,151,0,Cusco,Otro,Finalista/Seleccionado,0
HIST-1486,8,15,sector_publico,media,Medico,169,0,Otro,Ministerios/Poder Ejecutivo,Otro,1
HIST-1487,0,19,independiente,alta,Otro,7,0,Callao,Municipalidades,Otro,0
HIST-1488,5,12,independiente,nula,Ingeniero,71,1,Lima,Gobierno Regional,Finalista/Seleccionado,1
HIST-1489,10,18,sector_privado,alta,Administrador,132,1,Otro,Organismos Autónomos,Otro,1
HIST-1490,1,14,sector_privado,media,Contador,125,1,Arequipa,Otro,Postulante frecuente,0
HIST-1491,0,18,sector_privado,nula,Contador,85,1,Piura,Organismos Autónomos,Otro,0
HIST-1492,5,9,sector_privado,nula,Ingeniero,60,1,Arequipa,Ministerios/Poder Ejecutivo,Otro,1
HIST-1493,7,11,sector_publico,alta,Medico,134,0,Lima,Gobierno Regional,Solo visualizador,0
HIST-1494,6,3,independiente,media,Economista,34,0,Cusco,Municipalidades,Finalista/Seleccionado,0
HIST-1495,7,18,independiente,nula,Economista,78,0,Lima,Organismos Autónomos,Postulante frecuente,0
HIST-1496,5,11,sector_publico,media,Profesor,4,0,Arequipa,Gobierno Regional,Otro,1
HIST-1497,5,19,independiente,alta,Contador,121,1,Lima,Municipalidades,Otro,1
HIST-1498,0,13,independiente,nula,Contador,147,0,Piura,Municipalidades,Solo visualizador,0
HIST-1499,9,0,sector_publico,alta,Arquitecto,39,1,Otro,Municipalidades,Otro,1
HIST-1500,0,5,sector_privado,media,Economista,119,1,Otro,Ministerios/Poder Ejecutivo,Finalista/Seleccionado,0
HIST-1501,3,12,independiente,alta,Medico,13,0,Lima,Otro,Solo visualizador,1
HIST-1502,9,14,independiente,nula,Administrador,34,1,Cusco,Municipalidades,Otro,1
HIST-1503,1,4,sector_privado,media,Administrador,21,0,Otro,Ministerios/Poder Ejecutivo,Postulante frecuente,0
HIST-1504,1,11,independiente,media,Profesor,16,0,Cusco,Organismos Autónomos,Finalista/Seleccionado,0
HIST-1505,9,4,independiente,nula,Profesor,96,1,Arequipa,Otro,Postulante frecuente,1
HIST-1506,2,0,independiente,alta,Abogado,22,0,Arequipa,Organismos Autónomos,Otro,0
HIST-1507,0,7,independiente,alta,Otro,45,0,Piura,Municipalidades,Postulante frecuente,0
HIST-1508,9,2,sector_privado,alta,Economista,177,1,Cusco,Gobierno Regional,Solo visualizador,0
HIST-1509,4,11,sector_privado,media,Arquitecto,150,1,Arequipa,Organismos Autónomos,Otro,1
HIST-1510,5,17,sector_publico,nula,Contador,114,1,Arequipa,Ministerios/Poder Ejecutivo,Postulante frecuente,1
HIST-1511,4,5,sector_publico,nula,Profesor,170,0,Piura,Otro,Otro,0
HIST-1512,2,6,sector_publico,media,Economista,81,1,Piura,Otro,Solo visualizador,0
HIST-1513,9,3,independiente,alta,Administrador,97,1,Callao,Ministerios/Poder Ejecutivo,Postulante frecuente,1
HIST-1514,7,15,sector_privado,media,Economista,99,0,Callao,Organismos Autónomos,Solo visualizador,0
HIST-1515,5,3,sector_privado,nula,Otro,167,1,Cusco,Gobierno Regional,Solo visualizador,1
HIST-1516,0,4,sector_privado,nula,Profesor,2,1,Otro,Otro,Otro,0
HIST-1517,2,13,sector_privado,media,Ingeniero,18,1,Cusco,Municipalidades,Postulante frecuente,0
HIST-1518,8,8,sector_privado,alta,Abogado,171,0,Otro,Organismos Autónomos,Solo visualizador,0
HIST-1519,9,0,sector_privado,nula,Contador,35,0,Arequipa,Gobierno Regional,Otro,0
HIST-1520,10,5,sector_publico,alta,Arquitecto,125,1,Otro,Otro,Otro,1
HIST-1521,1,15,sector_publico,alta,Contador,175,1,Otro,Organismos Autónomos,Finalista/Seleccionado,1
HIST-1522,1,8,sector_publico,alta,Ingeniero,96,1,Cusco,Gobierno Regional,Otro,0
HIST-1523,9,8,sector_publico,alta,Administrador,155,0,Cusco,Organismos Autónomos,Finalista/Seleccionado,1
HIST-1524,9,1,sector_publico,media,Ingeniero,41,1,Callao,Otro,Postulante frecuente,1
HIST-1525,10,18,independiente,media,Otro,7,0,Lima,Municipalidades,Solo visualizador,1
HIST-1526,4,1,independiente,nula,Economista,33,1,Piura,Organismos Autónomos,Otro,1
HIST-1527,6,8,sector_publico,nula,Profesor,131,0,Lima,Organismos Autónomos,Finalista/Seleccionado,1
HIST-1528,0,1,sector_privado,media,Medico,160,1,Lima,Municipalidades,Finalista/Seleccionado,0
HIST-1529,7,12,sector_publico,nula,Abogado,175,0,Arequipa,Otro,Finalista/Seleccionado,1
HIST-1530,10,18,independiente,nula,Otro,41,0,Piura,Municipalidades,Finalista/Seleccionado,0
HIST-1531,3,9,sector_publico,alta,Abogado,57,0,Callao,Otro,Finalista/Seleccionado,0
HIST-1532,4,9,independiente,nula,Otro,42,0,Arequipa,Organismos Autónomos,Finalista/Seleccionado,1
HIST-1533,4,17,sector_privado,alta,Administrador,172,1,Callao,Gobierno Regional,Otro,1
HIST-1534,10,14,sector_privado,media,Economista,130,0,Arequipa,Otro,Finalista/Seleccionado,1
HIST-1535,10,8,sector_publico,alta,Abogado,179,0,Callao,Gobierno Regional,Postulante frecuente,1
HIST-1536,2,14,sector_privado,media,Economista,37,0,Callao,Municipalidades,Postulante frecuente,0
HIST-1537,6,9,sector_publico,nula,Medico,9,1,Lima,Gobierno Regional,Finalista/Seleccionado,1
HIST-1538,8,7,sector_publico,media,Profesor,28,0,Cusco,Otro,Postulante frecuente,1
HIST-1539,2,4,sector_privado,media,Contador,155,1,Arequipa,Gobierno Regional,Finalista/Seleccionado,0
HIST-1540,5,10,sector_publico,nula,Administrador,34,0,Lima,Ministerios/Poder Ejecutivo,Solo visualizador,0
HIST-1541,4,9,sector_privado,media,Administrador,69,1,Lima,Organismos Autónomos,Solo visualizador,1
HIST-1542,9,12,sector_privado,media,Arquitecto,125,1,Callao,Organismos Autónomos,Otro,1
HIST-1543,2,9,sector_publico,alta,Administrador,180,0,Piura,Ministerios/Poder Ejecutivo,Finalista/Seleccionado,0
HIST-1544,10,10,sector_privado,alta,Arquitecto,33,1,Otro,Ministerios/Poder Ejecutivo,Finalista/Seleccionado,1
HIST-1545,6,12,sector_privado,nula,Ingeniero,85,1,Arequipa,Ministerios/Poder Ejecutivo,Otro,1
HIST-1546,7,7,sector_privado,media,Arquitecto,165,1,Arequipa,Gobierno Regional,Otro,1
HIST-1547,9,18,sector_privado,alta,Administrador,130,0,Lima,Ministerios/Poder Ejecutivo,Finalista/Seleccionado,1
HIST-1548,3,10,sector_publico,alta,Contador,43,0,Otro,Municipalidades,Otro,1
HIST-1549,5,3,sector_publico,alta,Abogado,59,0,Arequipa,Otro,Finalista/Seleccionado,1
HIST-1550,6,7,independiente,media,Abogado,24,1,Piura,Ministerios/Poder Ejecutivo,Solo visualizador,1
HIST-1551,6,4,independiente,nula,Economista,28,1,Lima,Municipalidades,Postulante frecuente,1
HIST-1552,2,2,sector_privado,nula,Abogado,128,1,Arequipa,Ministerios/Poder Ejecutivo,Finalista/Seleccionado,0
HIST-1553,10,19,independiente,alta,Economista,172,1,Piura,Otro,Otro,1
HIST-1554,8,16,sector_publico,nula,Medico,23,0,Cusco,Ministerios/Poder Ejecutivo,Postulante frecuente,1
HIST-1555,4,10,independiente,media,Medico,56,0,Lima,Municipalidades,Otro,1
HIST-1556,10,9,independiente,nula,Ingeniero,48,0,Piura,Ministerios/Poder Ejecutivo,Solo visualizador,0
HIST-1557,1,7,sector_privado,alta,Otro,79,1,Callao,Organismos Autónomos,Solo visualizador,0
HIST-1558,9,10,sector_publico,nula,Administrador,47,1,Otro,Ministerios/Poder Ejecutivo,Postulante frecuente,1
HIST-1559,10,4,independiente,nula,Arquitecto,100,0,Arequipa,Municipalidades,Postulante frecuente,0
HIST-1560,10,19,sector_publico,media,Otro,54,0,Piura,Gobierno Regional,Finalista/Seleccionado,0
HIST-1561,9,6,sector_publico,nula,Arquitecto,125,1,Arequipa,Gobierno Regional,Otro,1
HIST-1562,3,16,sector_publico,alta,Abogado,81,1,Arequipa,Gobierno Regional,Postulante frecuente,1
HIST-1563,5,8,sector_privado,media,Medico,154,0,Arequipa,Municipalidades,Solo visualizador,0
HIST-1564,2,1,sector_publico,media,Ingeniero,84,0,Otro,Otro,Solo visualizador,0
HIST-1565,7,13,sector_publico,nula,Otro,29,1,Callao,Organismos Autónomos,Otro,1
HIST-1566,1,19,sector_publico,nula,Contador,158,0,Callao,Otro,Postulante frecuente,0
HIST-1567,5,0,independiente,media,Contador,131,0,Otro,Otro,Otro,0
HIST-1568,3,20,sector_privado,nula,Profesor,140,1,Lima,Municipalidades,Postulante frecuente,1
HIST-1569,7,15,independiente,nula,Contador,138,1,Otro,Organismos Autónomos,Finalista/Seleccionado,1
HIST-1570,2,8,sector_privado,nula,Ingeniero,109,1,Piura,Ministerios/Poder Ejecutivo,Postulante frecuente,0
HIST-1571,5,20,independiente,media,Profesor,95,1,Cusco,Gobierno Regional,Solo visualizador,1
HIST-1572,3,4,sector_publico,media,Administrador,153,1,Otro,Gobierno Regional,Postulante frecuente,1
HIST-1573,9,10,sector_privado,media,Profesor,56,0,Callao,Gobierno Regional,Postulante frecuente,1
HIST-1574,4,5,sector_privado,nula,Otro,115,0,Callao,Otro,Finalista/Seleccionado,0
HIST-1575,2,17,independiente,alta,Otro,65,1,Piura,Gobierno Regional,Solo visualizador,0
HIST-1576,10,16,sector_publico,alta,Arquitecto,88,1,Piura,Ministerios/Poder Ejecutivo,Postulante frecuente,1
HIST-1577,10,13,sector_publico,nula,Ingeniero,136,0,Otro,Gobierno Regional,Finalista/Seleccionado,1
HIST-1578,5,3,independiente,media,Medico,153,0,Callao,Otro,Postulante frecuente,0
HIST-1579,2,13,independiente,nula,Abogado,128,1,Cusco,Otro,Postulante frecuente,0
HIST-1580,9,8,sector_publico,alta,Ingeniero,33,1,Cusco,Municipalidades,Finalista/Seleccionado,1
HIST-1581,5,12,independiente,media,Administrador,29,1,Otro,Otro,Finalista/Seleccionado,1
HIST-1582,1,1,sector_privado,nula,Profesor,110,1,Piura,Municipalidades,Postulante frecuente,0
HIST-1583,10,7,sector_privado,media,Contador,22,1,Arequipa,Gobierno Regional,Postulante frecuente,1
HIST-1584,1,8,sector_publico,nula,Medico,135,0,Lima,Ministerios/Poder Ejecutivo,Otro,0
HIST-1585,8,8,independiente,media,Contador,167,0,Callao,Organismos Autónomos,Finalista/Seleccionado,0
HIST-1586,5,5,sector_privado,alta,Arquitecto,126,0,Cusco,Otro,Finalista/Seleccionado,0
HIST-1587,7,3,sector_privado,media,Administrador,108,0,Otro,Organismos Autónomos,Postulante frecuente,0
HIST-1588,2,4,independiente,alta,Medico,81,1,Cusco,Ministerios/Poder Ejecutivo,Solo visualizador,0
HIST-1589,5,19,sector_publico,alta,Profesor,153,1,Piura,Otro,Finalista/Seleccionado,1
HIST-1590,7,20,sector_privado,media,Ingeniero,38,0,Lima,Ministerios/Poder Ejecutivo,Otro,0
HIST-1591,5,13,independiente,nula,Medico,25,0,Callao,Organismos Autónomos,Postulante frecuente,1
HIST-1592,8,10,sector_privado,alta,Otro,41,1,Piura,Ministerios/Poder Ejecutivo,Solo visualizador,1
HIST-1593,8,2,independiente,nula,Medico,44,1,Callao,Gobierno Regional,Finalista/Seleccionado,1
HIST-1594,2,9,independiente,alta,Otro,26,0,Otro,Gobierno Regional,Solo visualizador,0
HIST-1595,1,19,independiente,media,Abogado,173,1,Callao,Gobierno Regional,Otro,0
HIST-1596,0,5,sector_publico,alta,Arquitecto,42,1,Otro,Gobierno Regional,Finalista/Seleccionado,0
HIST-1597,0,7,sector_publico,nula,Arquitecto,179,0,Piura,Ministerios/Poder Ejecutivo,Otro,0
HIST-1598,2,17,sector_privado,media,Medico,26,1,Callao,Gobierno Regional,Otro,0
HIST-1599,0,14,independiente,nula,Medico,76,0,Lima,Organismos Autónomos,Otro,0
HIST-1600,3,0,independiente,media,Medico,176,1,Otro,Organismos Autónomos,Otro,1
HIST-1601,4,6,sector_publico,media,Administrador,116,0,Otro,Municipalidades,Solo visualizador,1
HIST-1602,6,19,independiente,alta,Administrador,22,0,Callao,Municipalidades,Otro,0
HIST-1603,3,18,sector_publico,nula,Profesor,102,1,Arequipa,Otro,Otro,1
HIST-1604,3,17,sector_publico,alta,Abogado,87,1,Otro,Otro,Otro,1
HIST-1605,0,11,sector_privado,nula,Arquitecto,54,1,Callao,Otro,Postulante frecuente,1
HIST-1606,8,13,independiente,nula,Ingeniero,42,0,Cusco,Otro,Finalista/Seleccionado,1
HIST-1607,9,17,independiente,alta,Abogado,95,0,Callao,Ministerios/Poder Ejecutivo,Solo visualizador,0
HIST-1608,7,4,independiente,media,Medico,158,1,Otro,Organismos Autónomos,Solo visualizador,1
HIST-1609,3,8,independiente,media,Otro,141,0,Cusco,Ministerios/Poder Ejecutivo,Otro,0
HIST-1610,8,5,independiente,alta,Profesor,79,0,Arequipa,Organismos Autónomos,Postulante frecuente,0
HIST-1611,7,2,independiente,alta,Administrador,88,1,Lima,Organismos Autónomos,Postulante frecuente,1
HIST-1612,0,1,sector_privado,media,Economista,73,0,Arequipa,Otro,Finalista/Seleccionado,0
HIST-1613,4,2,sector_publico,alta,Medico,0,1,Cusco,Gobierno Regional,Otro,1
HIST-1614,8,3,sector_publico,media,Contador,157,0,Arequipa,Ministerios/Poder Ejecutivo,Otro,0
HIST-1615,0,15,sector_privado,media,Administrador,66,1,Callao,Municipalidades,Otro,0
HIST-1616,6,13,sector_privado,alta,Administrador,31,1,Piura,Organismos Autónomos,Finalista/Seleccionado,1
HIST-1617,1,17,sector_privado,nula,Medico,73,1,Arequipa,Gobierno Regional,Solo visualizador,0
HIST-1618,1,4,sector_privado,nula,Abogado,138,1,Cusco,Otro,Solo visualizador,0
HIST-1619,8,17,sector_publico,media,Economista,25,1,Callao,Gobierno Regional,Finalista/Seleccionado,1
HIST-1620,1,6,sector_privado,nula,Contador,149,1,Lima,Ministerios/Poder Ejecutivo,Postulante frecuente,0
HIST-1621,10,5,sector_privado,media,Profesor,154,0,Callao,Organismos Autónomos,Otro,0
HIST-1622,7,3,sector_publico,media,Otro,103,1,Lima,Ministerios/Poder Ejecutivo,Otro,1
HIST-1623,3,0,independiente,alta,Ingeniero,113,0,Arequipa,Otro,Otro,0
HIST-1624,9,12,independiente,alta,Ingeniero,90,1,Lima,Ministerios/Poder Ejecutivo,Finalista/Seleccionado,1
HIST-1625,4,20,independiente,alta,Arquitecto,165,0,Arequipa,Gobierno Regional,Solo visualizador,0
HIST-1626,7,4,sector_privado,nula,Ingeniero,168,0,Piura,Gobierno Regional,Finalista/Seleccionado,0
HIST-1627,7,14,sector_privado,media,Medico,153,1,Callao,Ministerios/Poder Ejecutivo,Solo visualizador,1
HIST-1628,5,17,sector_privado,alta,Ingeniero,16,1,Otro,Gobierno Regional,Solo visualizador,1
HIST-1629,10,9,independiente,nula,Arquitecto,119,0,Piura,Otro,Finalista/Seleccionado,0
HIST-1630,2,3,independiente,alta,Administrador,17,1,Piura,Otro,Otro,0
HIST-1631,0,15,independiente,media,Profesor,166,1,Cusco,Municipalidades,Finalista/Seleccionado,0
HIST-1632,10,19,sector_publico,media,Contador,70,0,Otro,Municipalidades,Finalista/Seleccionado,1
HIST-1633,2,1,independiente,nula,Arquitecto,108,1,Arequipa,Ministerios/Poder Ejecutivo,Solo visualizador,0
HIST-1634,2,19,independiente,alta,Contador,110,0,Cusco,Ministerios/Poder Ejecutivo,Postulante frecuente,0
HIST-1635,2,2,independiente,alta,Administrador,148,0,Arequipa,Gobierno Regional,Solo visualizador,0
HIST-1636,8,20,independiente,media,Economista,175,1,Arequipa,Municipalidades,Finalista/Seleccionado,1
HIST-1637,0,0,independiente,nula,Economista,105,0,Callao,Organismos Autónomos,Otro,0
HIST-1638,3,0,sector_publico,media,Arquitecto,74,0,Lima,Municipalidades,Postulante frecuente,1
HIST-1639,4,6,sector_publico,nula,Otro,76,0,Cusco,Municipalidades,Finalista/Seleccionado,1
HIST-1640,10,19,sector_privado,media,Medico,22,1,Cusco,Municipalidades,Postulante frecuente,1
HIST-1641,7,5,independiente,nula,Abogado,92,1,Callao,Ministerios/Poder Ejecutivo,Finalista/Seleccionado,1
HIST-1642,5,17,sector_privado,nula,Administrador,54,1,Lima,Organismos Autónomos,Postulante frecuente,1
HIST-1643,0,6,independiente,media,Profesor,44,1,Arequipa,Ministerios/Poder Ejecutivo,Postulante frecuente,0
HIST-1644,4,3,sector_publico,nula,Medico,83,0,Piura,Ministerios/Poder Ejecutivo,Finalista/Seleccionado,0
HIST-1645,3,11,independiente,nula,Contador,110,0,Otro,Otro,Postulante frecuente,0
HIST-1646,2,15,sector_publico,media,Profesor,176,1,Otro,Otro,Solo visualizador,0
HIST-1647,3,3,independiente,nula,Profesor,87,0,Cusco,Organismos Autónomos,Finalista/Seleccionado,0
HIST-1648,6,16,sector_publico,nula,Abogado,35,0,Otro,Ministerios/Poder Ejecutivo,Solo visualizador,1
HIST-1649,4,11,independiente,alta,Abogado,17,0,Callao,Municipalidades,Solo visualizador,0
HIST-1650,4,4,independiente,nula,Contador,161,0,Lima,Otro,Otro,0
HIST-1651,4,10,sector_privado,nula,Otro,80,1,Callao,Organismos Autónomos,Postulante frecuente,1
HIST-1652,5,11,independiente,media,Profesor,175,0,Arequipa,Otro,Postulante frecuente,0
HIST-1653,0,15,independiente,nula,Ingeniero,140,1,Piura,Gobierno Regional,Otro,0
HIST-1654,9,11,sector_publico,alta,Administrador,1,1,Lima,Otro,Solo visualizador,1
HIST-1655,7,20,independiente,media,Arquitecto,131,1,Callao,Gobierno Regional,Solo visualizador,1
HIST-1656,5,11,sector_privado,media,Economista,149,1,Arequipa,Municipalidades,Solo visualizador,1
HIST-1657,8,4,independiente,alta,Arquitecto,35,0,Otro,Municipalidades,Otro,0
HIST-1658,8,6,sector_publico,media,Profesor,64,0,Lima,Municipalidades,Solo visualizador,1
HIST-1659,9,10,sector_publico,nula,Contador,33,1,Otro,Organismos Autónomos,Solo visualizador,1
HIST-1660,6,15,sector_publico,nula,Contador,169,0,Piura,Gobierno Regional,Solo visualizador,1
HIST-1661,8,0,sector_privado,nula,Profesor,158,1,Otro,Organismos Autónomos,Otro,1
HIST-1662,1,14,sector_privado,alta,Arquitecto,178,0,Cusco,Otro,Otro,0
HIST-1663,10,5,sector_privado,alta,Ingeniero,83,1,Arequipa,Gobierno Regional,Solo visualizador,1
HIST-1664,0,4,sector_publico,alta,Profesor,119,1,Cusco,Municipalidades,Otro,0
HIST-1665,3,13,sector_publico,media,Arquitecto,132,1,Arequipa,Ministerios/Poder Ejecutivo,Postulante frecuente,1
HIST-1666,9,13,sector_privado,media,Medico,87,1,Cusco,Otro,Postulante frecuente,1
HIST-1667,7,4,sector_privado,nula,Medico,11,0,Callao,Organismos Autónomos,Solo visualizador,1
HIST-1668,6,0,independiente,media,Administrador,43,0,Lima,Gobierno Regional,Finalista/Seleccionado,0
HIST-1669,9,12,independiente,nula,Otro,24,1,Lima,Organismos Autónomos,Postulante frecuente,1
HIST-1670,1,0,sector_privado,nula,Profesor,12,1,Piura,Otro,Otro,0
HIST-1671,3,3,sector_privado,alta,Ingeniero,10,0,Piura,Gobierno Regional,Otro,1
HIST-1672,5,11,sector_publico,alta,Contador,120,1,Otro,Gobierno Regional,Postulante frecuente,1
HIST-1673,6,5,independiente,media,Medico,164,0,Piura,Ministerios/Poder Ejecutivo,Solo visualizador,0
HIST-1674,10,16,independiente,media,Contador,180,0,Arequipa,Otro,Solo visualizador,1
HIST-1675,10,10,sector_privado,alta,Medico,172,0,Otro,Otro,Otro,0
HIST-1676,1,11,sector_publico,nula,Otro,162,1,Piura,Municipalidades,Finalista/Seleccionado,1
HIST-1677,9,0,sector_privado,alta,Medico,27,0,Callao,Ministerios/Poder Ejecutivo,Solo visualizador,0
HIST-1678,0,9,sector_privado,nula,Contador,174,1,Piura,Organismos Autónomos,Otro,0
HIST-1679,8,0,sector_publico,media,Contador,42,0,Lima,Gobierno Regional,Otro,1
HIST-1680,5,4,sector_publico,media,Economista,123,1,Otro,Organismos Autónomos,Otro,1
HIST-1681,6,20,sector_publico,nula,Abogado,133,1,Piura,Municipalidades,Solo visualizador,1
HIST-1682,4,17,independiente,alta,Contador,148,0,Lima,Organismos Autónomos,Finalista/Seleccionado,1
HIST-1683,8,8,sector_privado,alta,Abogado,106,1,Lima,Otro,Postulante frecuente,1
HIST-1684,3,17,sector_publico,media,Contador,63,1,Lima,Municipalidades,Finalista/Seleccionado,1
HIST-1685,5,0,sector_privado,media,Ingeniero,61,1,Cusco,Organismos Autónomos,Otro,1
HIST-1686,7,16,independiente,media,Abogado,22,1,Piura,Ministerios/Poder Ejecutivo,Finalista/Seleccionado,1
HIST-1687,0,16,sector_privado,media,Arquitecto,82,1,Lima,Gobierno Regional,Solo visualizador,0
HIST-1688,8,19,sector_privado,alta,Economista,127,0,Otro,Organismos Autónomos,Otro,0
HIST-1689,7,17,independiente,alta,Abogado,100,0,Callao,Organismos Autónomos,Otro,1
HIST-1690,4,4,sector_privado,alta,Profesor,58,1,Otro,Municipalidades,Finalista/Seleccionado,1
HIST-1691,9,20,sector_publico,nula,Administrador,15,1,Otro,Organismos Autónomos,Solo visualizador,1
HIST-1692,3,14,sector_privado,media,Contador,21,1,Cusco,Municipalidades,Solo visualizador,1
HIST-1693,7,12,independiente,media,Ingeniero,94,0,Cusco,Otro,Otro,1
HIST-1694,3,9,sector_privado,alta,Arquitecto,28,0,Callao,Otro,Finalista/Seleccionado,0
HIST-1695,1,9,sector_publico,media,Economista,113,0,Arequipa,Organismos Autónomos,Postulante frecuente,0
HIST-1696,7,4,sector_publico,media,Contador,102,1,Otro,Gobierno Regional,Otro,1
HIST-1697,8,20,sector_privado,media,Abogado,106,1,Lima,Ministerios/Poder Ejecutivo,Otro,1
HIST-1698,5,6,independiente,media,Arquitecto,180,0,Cusco,Gobierno Regional,Solo visualizador,0
HIST-1699,5,15,sector_privado,alta,Contador,132,0,Lima,Ministerios/Poder Ejecutivo,Postulante frecuente,1
HIST-1700,3,20,sector_publico,media,Arquitecto,89,0,Piura,Ministerios/Poder Ejecutivo,Finalista/Seleccionado,1
HIST-1701,8,8,sector_publico,alta,Economista,116,1,Otro,Organismos Autónomos,Finalista/Seleccionado,1
HIST-1702,4,12,independiente,nula,Profesor,153,0,Callao,Otro,Finalista/Seleccionado,1
HIST-1703,6,4,sector_publico,nula,Abogado,93,1,Cusco,Municipalidades,Finalista/Seleccionado,1
HIST-1704,2,15,independiente,media,Contador,8,0,Lima,Organismos Autónomos,Otro,0
HIST-1705,6,7,sector_privado,alta,Otro,120,1,Piura,Organismos Autónomos,Solo visualizador,1
HIST-1706,8,12,sector_publico,nula,Administrador,11,1,Cusco,Otro,Solo visualizador,1
HIST-1707,5,17,sector_publico,alta,Contador,157,0,Lima,Otro,Otro,1
HIST-1708,9,16,independiente,nula,Otro,69,0,Lima,Municipalidades,Otro,1
HIST-1709,10,9,sector_publico,media,Abogado,14,0,Callao,Organismos Autónomos,Solo visualizador,0
HIST-1710,6,9,sector_publico,nula,Arquitecto,42,1,Arequipa,Gobierno Regional,Otro,1
HIST-1711,3,14,sector_privado,alta,Contador,84,1,Piura,Ministerios/Poder Ejecutivo,Otro,1
HIST-1712,10,13,sector_privado,media,Economista,75,1,Piura,Ministerios/Poder Ejecutivo,Solo visualizador,1
HIST-1713,5,10,independiente,nula,Arquitecto,135,1,Cusco,Otro,Finalista/Seleccionado,1
HIST-1714,3,7,sector_privado,nula,Profesor,15,1,Arequipa,Organismos Autónomos,Solo visualizador,1
HIST-1715,6,17,independiente,media,Otro,96,0,Cusco,Otro,Solo visualizador,0
HIST-1716,10,11,sector_privado,nula,Administrador,50,0,Arequipa,Municipalidades,Postulante frecuente,0
HIST-1717,3,2,independiente,alta,Economista,157,0,Piura,Otro,Otro,0
HIST-1718,5,5,sector_publico,alta,Medico,95,1,Otro,Gobierno Regional,Solo visualizador,1
HIST-1719,1,5,independiente,nula,Economista,161,1,Arequipa,Gobierno Regional,Solo visualizador,0
HIST-1720,0,2,independiente,media,Administrador,95,1,Arequipa,Organismos Autónomos,Postulante frecuente,0
HIST-1721,9,8,independiente,alta,Profesor,23,0,Cusco,Otro,Solo visualizador,0
HIST-1722,1,18,independiente,nula,Economista,39,0,Arequipa,Gobierno Regional,Postulante frecuente,0
HIST-1723,1,2,independiente,media,Contador,5,1,Piura,Ministerios/Poder Ejecutivo,Otro,0
HIST-1724,7,17,sector_privado,alta,Otro,103,1,Cusco,Gobierno Regional,Postulante frecuente,1
HIST-1725,1,12,independiente,nula,Administrador,59,1,Otro,Ministerios/Poder Ejecutivo,Finalista/Seleccionado,0
HIST-1726,2,8,independiente,media,Arquitecto,98,0,Cusco,Ministerios/Poder Ejecutivo,Postulante frecuente,0
HIST-1727,6,13,independiente,media,Administrador,82,0,Lima,Otro,Postulante frecuente,1
HIST-1728,0,10,independiente,nula,Contador,63,0,Arequipa,Organismos Autónomos,Otro,0
HIST-1729,3,15,sector_publico,alta,Administrador,103,1,Lima,Organismos Autónomos,Otro,1
HIST-1730,6,13,independiente,alta,Economista,173,1,Piura,Organismos Autónomos,Otro,1
HIST-1731,5,6,independiente,media,Ingeniero,165,0,Arequipa,Municipalidades,Solo visualizador,1
HIST-1732,6,5,independiente,nula,Profesor,161,0,Otro,Municipalidades,Solo visualizador,0
HIST-1733,6,13,sector_publico,alta,Medico,53,0,Piura,Gobierno Regional,Otro,0
HIST-1734,3,10,independiente,alta,Economista,129,1,Otro,Municipalidades,Solo visualizador,1
HIST-1735,8,0,sector_publico,alta,Ingeniero,31,1,Callao,Gobierno Regional,Solo visualizador,1
HIST-1736,3,15,independiente,media,Otro,0,0,Arequipa,Gobierno Regional,Solo visualizador,1
HIST-1737,0,1,independiente,media,Economista,40,1,Lima,Gobierno Regional,Solo visualizador,0
HIST-1738,0,19,sector_privado,media,Arquitecto,111,1,Arequipa,Organismos Autónomos,Otro,0
HIST-1739,3,1,sector_publico,media,Profesor,2,0,Piura,Organismos Autónomos,Otro,1
HIST-1740,5,4,independiente,alta,Administrador,35,1,Cusco,Gobierno Regional,Postulante frecuente,1
HIST-1741,5,2,sector_privado,media,Abogado,125,1,Piura,Municipalidades,Otro,1
HIST-1742,10,10,sector_privado,media,Abogado,161,0,Otro,Ministerios/Poder Ejecutivo,Finalista/Seleccionado,0
HIST-1743,6,10,sector_privado,media,Arquitecto,11,0,Otro,Ministerios/Poder Ejecutivo,Postulante frecuente,1
HIST-1744,6,2,sector_publico,alta,Profesor,7,0,Piura,Otro,Postulante frecuente,1
HIST-1745,4,0,independiente,nula,Administrador,4,0,Otro,Organismos Autónomos,Finalista/Seleccionado,0
HIST-1746,2,18,independiente,media,Otro,24,0,Arequipa,Gobierno Regional,Solo visualizador,0
HIST-1747,6,20,sector_privado,nula,Profesor,96,1,Cusco,Ministerios/Poder Ejecutivo,Solo visualizador,1
HIST-1748,10,10,sector_publico,nula,Abogado,29,0,Piura,Otro,Finalista/Seleccionado,1
HIST-1749,10,8,sector_privado,media,Ingeniero,40,1,Lima,Gobierno Regional,Otro,1
HIST-1750,8,12,independiente,nula,Abogado,146,0,Callao,Ministerios/Poder Ejecutivo,Postulante frecuente,1
HIST-1751,5,18,independiente,alta,Economista,47,1,Cusco,Gobierno Regional,Otro,1
HIST-1752,1,14,sector_privado,media,Administrador,180,1,Otro,Organismos Autónomos,Solo visualizador,0
HIST-1753,5,18,independiente,media,Arquitecto,62,1,Piura,Otro,Solo visualizador,1
HIST-1754,0,11,sector_publico,alta,Medico,88,1,Lima,Gobierno Regional,Solo visualizador,1
HIST-1755,4,0,sector_privado,media,Medico,58,1,Callao,Organismos Autónomos,Solo visualizador,1
HIST-1756,1,9,independiente,alta,Ingeniero,94,1,Otro,Ministerios/Poder Ejecutivo,Solo visualizador,0
HIST-1757,6,20,independiente,nula,Ingeniero,177,1,Lima,Organismos Autónomos,Otro,1
HIST-1758,4,19,sector_publico,media,Arquitecto,82,1,Lima,Ministerios/Poder Ejecutivo,Postulante frecuente,1
HIST-1759,5,11,sector_publico,nula,Profesor,29,1,Otro,Municipalidades,Solo visualizador,1
HIST-1760,8,12,sector_privado,media,Profesor,18,0,Callao,Organismos Autónomos,Solo visualizador,0
HIST-1761,5,2,sector_privado,alta,Arquitecto,160,0,Piura,Gobierno Regional,Solo visualizador,0
HIST-1762,9,12,independiente,media,Abogado,69,1,Otro,Otro,Solo visualizador,1
HIST-1763,6,15,sector_privado,media,Contador,1,1,Arequipa,Organismos Autónomos,Solo visualizador,1
HIST-1764,10,3,sector_privado,nula,Arquitecto,171,0,Otro,Organismos Autónomos,Otro,0
HIST-1765,2,20,sector_privado,media,Otro,115,1,Callao,Gobierno Regional,Postulante frecuente,0
HIST-1766,6,15,independiente,media,Economista,110,1,Arequipa,Municipalidades,Otro,1
HIST-1767,1,7,independiente,nula,Profesor,159,1,Otro,Organismos Autónomos,Otro,0
HIST-1768,3,12,sector_privado,alta,Contador,119,1,Piura,Organismos Autónomos,Finalista/Seleccionado,1
HIST-1769,8,18,independiente,alta,Ingeniero,10,0,Callao,Municipalidades,Otro,1
HIST-1770,7,20,sector_privado,nula,Economista,130,0,Callao,Ministerios/Poder Ejecutivo,Solo visualizador,1
HIST-1771,0,4,sector_privado,nula,Otro,28,1,Piura,Gobierno Regional,Solo visualizador,0
HIST-1772,2,17,sector_publico,nula,Contador,26,0,Cusco,Organismos Autónomos,Otro,0
HIST-1773,4,3,independiente,alta,Abogado,45,1,Piura,Organismos Autónomos,Finalista/Seleccionado,1
HIST-1774,9,12,sector_privado,alta,Administrador,84,0,Arequipa,Otro,Solo visualizador,0
HIST-1775,6,20,sector_publico,media,Otro,129,1,Lima,Gobierno Regional,Finalista/Seleccionado,1
HIST-1776,10,3,independiente,nula,Contador,91,1,Cusco,Otro,Solo visualizador,1
HIST-1777,1,15,independiente,alta,Medico,62,0,Otro,Gobierno Regional,Finalista/Seleccionado,0
HIST-1778,3,20,sector_publico,media,Administrador,80,0,Lima,Gobierno Regional,Finalista/Seleccionado,0
HIST-1779,8,7,sector_privado,nula,Otro,88,0,Arequipa,Gobierno Regional,Otro,1
HIST-1780,9,5,sector_publico,alta,Ingeniero,42,0,Arequipa,Municipalidades,Postulante frecuente,1
HIST-1781,2,3,independiente,alta,Medico,156,0,Lima,Organismos Autónomos,Solo visualizador,0
HIST-1782,7,20,sector_publico,alta,Administrador,12,0,Otro,Municipalidades,Finalista/Seleccionado,1
HIST-1783,1,17,sector_privado,media,Contador,118,0,Otro,Ministerios/Poder Ejecutivo,Finalista/Seleccionado,0
HIST-1784,10,17,sector_privado,nula,Abogado,12,0,Otro,Ministerios/Poder Ejecutivo,Postulante frecuente,1
HIST-1785,7,7,independiente,nula,Contador,34,1,Lima,Otro,Solo visualizador,1
HIST-1786,0,8,sector_privado,alta,Medico,97,0,Lima,Ministerios/Poder Ejecutivo,Postulante frecuente,0
HIST-1787,10,15,sector_publico,alta,Economista,52,0,Callao,Organismos Autónomos,Postulante frecuente,1
HIST-1788,6,1,independiente,media,Economista,122,0,Otro,Ministerios/Poder Ejecutivo,Postulante frecuente,0
HIST-1789,1,14,sector_privado,alta,Administrador,120,0,Cusco,Organismos Autónomos,Finalista/Seleccionado,0
HIST-1790,5,17,independiente,media,Otro,36,1,Piura,Organismos Autónomos,Solo visualizador,1
HIST-1791,10,1,sector_publico,nula,Contador,6,1,Otro,Otro,Otro,1
HIST-1792,9,6,independiente,alta,Medico,45,1,Lima,Municipalidades,Solo visualizador,1
HIST-1793,7,15,sector_privado,nula,Profesor,89,0,Arequipa,Organismos Autónomos,Postulante frecuente,0
HIST-1794,9,6,independiente,alta,Otro,106,0,Arequipa,Gobierno Regional,Finalista/Seleccionado,1
HIST-1795,0,18,sector_publico,alta,Medico,54,1,Cusco,Ministerios/Poder Ejecutivo,Solo visualizador,1
HIST-1796,2,13,independiente,nula,Economista,117,0,Otro,Ministerios/Poder Ejecutivo,Solo visualizador,0
HIST-1797,6,14,sector_privado,nula,Profesor,98,0,Cusco,Organismos Autónomos,Solo visualizador,0
HIST-1798,3,8,independiente,alta,Contador,23,1,Otro,Municipalidades,Postulante frecuente,1
HIST-1799,4,8,sector_publico,media,Profesor,35,0,Arequipa,Ministerios/Poder Ejecutivo,Solo visualizador,1
HIST-1800,2,9,sector_publico,alta,Administrador,128,0,Piura,Gobierno Regional,Otro,0
HIST-1801,2,19,sector_publico,nula,Ingeniero,90,1,Cusco,Otro,Solo visualizador,1
HIST-1802,9,7,sector_publico,nula,Ingeniero,162,0,Callao,Organismos Autónomos,Otro,0
HIST-1803,4,11,independiente,media,Otro,45,1,Otro,Otro,Otro,1
HIST-1804,0,15,sector_privado,media,Arquitecto,152,1,Piura,Otro,Postulante frecuente,0
HIST-1805,1,9,sector_publico,nula,Administrador,176,0,Lima,Gobierno Regional,Postulante frecuente,0
HIST-1806,2,7,sector_privado,nula,Ingeniero,140,0,Cusco,Otro,Solo visualizador,0
HIST-1807,5,2,independiente,alta,Economista,111,1,Callao,Organismos Autónomos,Finalista/Seleccionado,1
HIST-1808,10,3,sector_publico,nula,Arquitecto,1,1,Piura,Gobierno Regional,Finalista/Seleccionado,1
HIST-1809,8,14,sector_privado,nula,Abogado,112,1,Lima,Ministerios/Poder Ejecutivo,Solo visualizador,1
HIST-1810,1,16,sector_publico,nula,Ingeniero,100,0,Cusco,Ministerios/Poder Ejecutivo,Finalista/Seleccionado,0
HIST-1811,1,14,independiente,alta,Contador,47,1,Cusco,Organismos Autónomos,Solo visualizador,0
HIST-1812,7,3,sector_publico,nula,Medico,35,1,Callao,Municipalidades,Postulante frecuente,1
HIST-1813,6,9,sector_publico,alta,Arquitecto,73,0,Cusco,Municipalidades,Postulante frecuente,1
HIST-1814,9,2,sector_privado,alta,Abogado,143,1,Piura,Gobierno Regional,Otro,1
HIST-1815,2,6,sector_publico,media,Administrador,10,1,Cusco,Municipalidades,Otro,1
HIST-1816,1,16,independiente,alta,Administrador,3,0,Cusco,Organismos Autónomos,Postulante frecuente,0
HIST-1817,1,5,sector_privado,nula,Medico,144,1,Lima,Ministerios/Poder Ejecutivo,Solo visualizador,0
HIST-1818,2,12,sector_privado,nula,Otro,76,1,Cusco,Otro,Postulante frecuente,1
HIST-1819,10,4,sector_privado,nula,Contador,145,0,Callao,Organismos Autónomos,Solo visualizador,0
HIST-1820,8,10,sector_publico,nula,Otro,168,1,Otro,Ministerios/Poder Ejecutivo,Solo visualizador,1
HIST-1821,1,11,sector_publico,alta,Abogado,99,0,Piura,Municipalidades,Postulante frecuente,0
HIST-1822,4,9,independiente,nula,Medico,46,1,Callao,Ministerios/Poder Ejecutivo,Solo visualizador,1
HIST-1823,10,10,independiente,media,Otro,124,1,Otro,Municipalidades,Finalista/Seleccionado,1
HIST-1824,2,18,sector_publico,alta,Administrador,7,1,Lima,Otro,Solo visualizador,1
HIST-1825,7,11,sector_publico,alta,Economista,175,1,Otro,Otro,Otro,1
HIST-1826,10,18,sector_publico,media,Profesor,1,1,Arequipa,Ministerios/Poder Ejecutivo,Solo visualizador,1
HIST-1827,2,9,sector_publico,nula,Economista,68,0,Otro,Organismos Autónomos,Otro,0
HIST-1828,7,20,independiente,alta,Contador,51,0,Lima,Municipalidades,Solo visualizador,0
HIST-1829,7,19,sector_privado,alta,Profesor,43,0,Lima,Ministerios/Poder Ejecutivo,Solo visualizador,1
HIST-1830,5,19,sector_publico,media,Otro,53,1,Cusco,Gobierno Regional,Otro,1
HIST-1831,0,6,sector_privado,media,Abogado,61,1,Piura,Ministerios/Poder Ejecutivo,Finalista/Seleccionado,0
HIST-1832,5,14,independiente,media,Medico,75,1,Otro,Otro,Finalista/Seleccionado,1
HIST-1833,6,16,sector_publico,media,Ingeniero,157,0,Callao,Otro,Otro,0
HIST-1834,1,2,sector_publico,nula,Profesor,98,1,Callao,Gobierno Regional,Postulante frecuente,0
HIST-1835,10,4,sector_privado,alta,Ingeniero,51,1,Callao,Ministerios/Poder Ejecutivo,Finalista/Seleccionado,1
HIST-1836,5,9,sector_privado,alta,Contador,104,0,Callao,Ministerios/Poder Ejecutivo,Finalista/Seleccionado,0
HIST-1837,8,5,sector_publico,alta,Abogado,173,1,Lima,Gobierno Regional,Postulante frecuente,1
HIST-1838,0,11,sector_publico,alta,Administrador,7,0,Lima,Otro,Solo visualizador,0
HIST-1839,2,10,sector_privado,nula,Ingeniero,65,0,Piura,Ministerios/Poder Ejecutivo,Solo visualizador,0
HIST-1840,6,11,sector_privado,nula,Administrador,142,0,Arequipa,Ministerios/Poder Ejecutivo,Solo visualizador,0
HIST-1841,5,16,sector_publico,nula,Administrador,3,1,Arequipa,Gobierno Regional,Finalista/Seleccionado,1
HIST-1842,1,12,independiente,nula,Administrador,63,0,Piura,Otro,Otro,0
HIST-1843,7,6,sector_publico,media,Profesor,109,1,Callao,Organismos Autónomos,Finalista/Seleccionado,1
HIST-1844,1,5,sector_publico,nula,Contador,148,1,Piura,Gobierno Regional,Solo visualizador,0
HIST-1845,7,2,independiente,nula,Administrador,80,1,Piura,Ministerios/Poder Ejecutivo,Otro,1
HIST-1846,6,13,independiente,alta,Economista,88,0,Callao,Municipalidades,Otro,0
HIST-1847,2,3,independiente,alta,Otro,168,1,Cusco,Gobierno Regional,Finalista/Seleccionado,0
HIST-1848,2,11,independiente,media,Contador,14,0,Piura,Otro,Postulante frecuente,0
HIST-1849,1,4,independiente,media,Ingeniero,8,0,Arequipa,Gobierno Regional,Otro,0
HIST-1850,3,5,sector_privado,alta,Profesor,180,1,Callao,Organismos Autónomos,Otro,1
HIST-1851,1,7,sector_publico,nula,Arquitecto,147,1,Lima,Organismos Autónomos,Solo visualizador,0
HIST-1852,9,6,sector_privado,alta,Abogado,47,0,Lima,Ministerios/Poder Ejecutivo,Solo visualizador,1
HIST-1853,3,1,independiente,media,Profesor,140,0,Arequipa,Ministerios/Poder Ejecutivo,Postulante frecuente,0
HIST-1854,3,6,sector_publico,alta,Arquitecto,17,0,Callao,Municipalidades,Solo visualizador,1
HIST-1855,7,3,independiente,nula,Ingeniero,173,0,Arequipa,Gobierno Regional,Solo visualizador,0
HIST-1856,5,3,sector_privado,alta,Abogado,58,0,Callao,Organismos Autónomos,Otro,0
HIST-1857,3,12,sector_privado,nula,Administrador,54,0,Piura,Municipalidades,Solo visualizador,0
HIST-1858,1,16,sector_privado,nula,Administrador,62,1,Arequipa,Organismos Autónomos,Finalista/Seleccionado,0
HIST-1859,3,2,sector_privado,media,Medico,118,0,Arequipa,Municipalidades,Postulante frecuente,0
HIST-1860,3,16,sector_publico,nula,Medico,170,1,Arequipa,Gobierno Regional,Solo visualizador,1
HIST-1861,4,19,sector_publico,alta,Profesor,62,1,Lima,Ministerios/Poder Ejecutivo,Solo visualizador,1
HIST-1862,1,14,independiente,media,Administrador,141,0,Callao,Otro,Finalista/Seleccionado,0
HIST-1863,7,2,independiente,media,Ingeniero,131,1,Arequipa,Otro,Postulante frecuente,1
HIST-1864,2,9,sector_privado,nula,Abogado,87,0,Arequipa,Municipalidades,Postulante frecuente,0
HIST-1865,1,10,sector_publico,nula,Ingeniero,77,0,Arequipa,Municipalidades,Otro,0
HIST-1866,2,8,independiente,nula,Contador,58,1,Piura,Gobierno Regional,Solo visualizador,0
HIST-1867,9,9,sector_publico,nula,Economista,152,1,Cusco,Ministerios/Poder Ejecutivo,Finalista/Seleccionado,1
HIST-1868,0,3,independiente,media,Ingeniero,149,0,Arequipa,Organismos Autónomos,Finalista/Seleccionado,0
HIST-1869,4,13,sector_privado,alta,Contador,88,0,Lima,Otro,Otro,0
HIST-1870,8,20,independiente,nula,Otro,129,0,Cusco,Gobierno Regional,Postulante frecuente,1
HIST-1871,4,10,sector_publico,alta,Contador,151,0,Cusco,Municipalidades,Postulante frecuente,1
HIST-1872,0,3,independiente,nula,Otro,7,0,Otro,Municipalidades,Finalista/Seleccionado,0
HIST-1873,2,13,independiente,alta,Economista,138,0,Callao,Gobierno Regional,Postulante frecuente,0
HIST-1874,4,10,sector_publico,nula,Medico,81,0,Piura,Organismos Autónomos,Postulante frecuente,1
HIST-1875,0,3,sector_publico,alta,Economista,113,0,Callao,Gobierno Regional,Otro,0
HIST-1876,4,9,independiente,nula,Contador,141,0,Lima,Otro,Otro,1
HIST-1877,8,2,sector_privado,media,Economista,66,1,Piura,Organismos Autónomos,Finalista/Seleccionado,0
HIST-1878,7,16,independiente,media,Otro,130,0,Lima,Gobierno Regional,Finalista/Seleccionado,0
HIST-1879,3,17,sector_publico,alta,Otro,165,1,Cusco,Municipalidades,Finalista/Seleccionado,1
HIST-1880,8,5,independiente,nula,Contador,68,1,Arequipa,Municipalidades,Solo visualizador,1
HIST-1881,1,2,independiente,nula,Medico,7,0,Otro,Organismos Autónomos,Postulante frecuente,0
HIST-1882,7,2,sector_publico,alta,Ingeniero,46,1,Otro,Ministerios/Poder Ejecutivo,Postulante frecuente,1
HIST-1883,8,11,independiente,media,Economista,23,0,Arequipa,Otro,Otro,0
HIST-1884,7,19,independiente,nula,Medico,24,1,Arequipa,Otro,Otro,1
HIST-1885,10,6,independiente,nula,Abogado,27,1,Lima,Municipalidades,Otro,1
HIST-1886,0,18,sector_publico,alta,Profesor,23,0,Arequipa,Otro,Finalista/Seleccionado,0
HIST-1887,5,14,sector_publico,nula,Abogado,21,0,Piura,Otro,Solo visualizador,1
HIST-1888,3,13,independiente,alta,Ingeniero,125,1,Lima,Organismos Autónomos,Solo visualizador,1
HIST-1889,6,3,independiente,media,Economista,175,1,Callao,Ministerios/Poder Ejecutivo,Otro,1
HIST-1890,9,5,independiente,nula,Abogado,42,0,Piura,Ministerios/Poder Ejecutivo,Solo visualizador,0
HIST-1891,4,13,independiente,media,Otro,38,1,Otro,Otro,Solo visualizador,1
HIST-1892,7,18,independiente,alta,Ingeniero,174,0,Cusco,Municipalidades,Otro,0
HIST-1893,5,5,sector_publico,media,Contador,153,0,Callao,Ministerios/Poder Ejecutivo,Solo visualizador,0
HIST-1894,3,4,sector_publico,alta,Medico,76,0,Arequipa,Organismos Autónomos,Otro,0
HIST-1895,9,17,independiente,nula,Economista,21,0,Callao,Otro,Finalista/Seleccionado,0
HIST-1896,10,17,sector_publico,alta,Contador,122,0,Cusco,Ministerios/Poder Ejecutivo,Postulante frecuente,1
HIST-1897,0,10,independiente,media,Economista,15,0,Lima,Gobierno Regional,Finalista/Seleccionado,0
HIST-1898,8,7,independiente,media,Abogado,22,1,Lima,Ministerios/Poder Ejecutivo,Postulante frecuente,1
HIST-1899,9,1,independiente,media,Profesor,170,1,Callao,Municipalidades,Solo visualizador,1
HIST-1900,9,0,independiente,media,Ingeniero,21,0,Arequipa,Gobierno Regional,Otro,0
HIST-1901,10,6,independiente,nula,Otro,47,1,Arequipa,Municipalidades,Solo visualizador,1
HIST-1902,10,5,independiente,alta,Medico,161,1,Piura,Otro,Otro,1
HIST-1903,4,12,sector_privado,media,Medico,25,1,Arequipa,Organismos Autónomos,Otro,1
HIST-1904,2,10,sector_privado,nula,Ingeniero,146,0,Cusco,Gobierno Regional,Solo visualizador,0
HIST-1905,10,12,sector_privado,nula,Administrador,86,1,Arequipa,Organismos Autónomos,Finalista/Seleccionado,1
HIST-1906,8,8,independiente,alta,Administrador,55,0,Otro,Organismos Autónomos,Solo visualizador,0
HIST-1907,6,10,independiente,media,Otro,179,1,Arequipa,Organismos Autónomos,Postulante frecuente,1
HIST-1908,1,17,sector_publico,media,Medico,71,1,Otro,Otro,Finalista/Seleccionado,0
HIST-1909,5,15,independiente,media,Otro,82,1,Piura,Organismos Autónomos,Postulante frecuente,1
HIST-1910,0,14,sector_privado,nula,Otro,153,1,Piura,Ministerios/Poder Ejecutivo,Otro,0
HIST-1911,3,5,sector_privado,media,Otro,80,0,Cusco,Organismos Autónomos,Postulante frecuente,0
HIST-1912,3,5,sector_publico,alta,Medico,32,1,Callao,Municipalidades,Postulante frecuente,1
HIST-1913,10,10,independiente,alta,Contador,15,1,Lima,Otro,Solo visualizador,1
HIST-1914,3,19,independiente,media,Economista,140,0,Callao,Gobierno Regional,Finalista/Seleccionado,0
HIST-1915,4,11,sector_publico,media,Contador,25,0,Cusco,Municipalidades,Finalista/Seleccionado,1
HIST-1916,0,6,sector_privado,alta,Economista,115,1,Callao,Ministerios/Poder Ejecutivo,Solo visualizador,0
HIST-1917,6,20,sector_privado,nula,Contador,44,1,Piura,Ministerios/Poder Ejecutivo,Finalista/Seleccionado,1
HIST-1918,5,20,sector_privado,alta,Abogado,86,1,Lima,Municipalidades,Postulante frecuente,1
HIST-1919,6,5,independiente,alta,Abogado,24,1,Callao,Gobierno Regional,Otro,1
HIST-1920,4,0,sector_privado,alta,Administrador,157,1,Callao,Gobierno Regional,Postulante frecuente,1
HIST-1921,0,11,independiente,alta,Profesor,179,0,Callao,Ministerios/Poder Ejecutivo,Otro,0
HIST-1922,0,7,independiente,alta,Ingeniero,54,0,Piura,Organismos Autónomos,Postulante frecuente,0
HIST-1923,6,14,independiente,alta,Arquitecto,21,1,Lima,Ministerios/Poder Ejecutivo,Solo visualizador,1
HIST-1924,2,16,independiente,alta,Abogado,87,0,Cusco,Ministerios/Poder Ejecutivo,Postulante frecuente,0
HIST-1925,10,13,sector_publico,media,Administrador,96,0,Arequipa,Organismos Autónomos,Postulante frecuente,1
HIST-1926,8,13,sector_privado,alta,Abogado,54,0,Cusco,Municipalidades,Finalista/Seleccionado,0
HIST-1927,8,19,sector_privado,alta,Abogado,176,0,Callao,Ministerios/Poder Ejecutivo,Solo visualizador,1
HIST-1928,9,12,independiente,media,Otro,47,1,Cusco,Organismos Autónomos,Postulante frecuente,1
HIST-1929,1,0,independiente,nula,Ingeniero,75,0,Callao,Organismos Autónomos,Otro,0
HIST-1930,2,15,sector_privado,nula,Otro,68,1,Piura,Gobierno Regional,Finalista/Seleccionado,0
HIST-1931,5,10,independiente,media,Otro,42,1,Callao,Municipalidades,Otro,1
HIST-1932,0,12,sector_publico,nula,Administrador,121,1,Piura,Otro,Postulante frecuente,1
HIST-1933,5,14,sector_privado,nula,Administrador,120,1,Arequipa,Ministerios/Poder Ejecutivo,Otro,1
HIST-1934,1,13,sector_publico,alta,Profesor,97,0,Lima,Ministerios/Poder Ejecutivo,Otro,0
HIST-1935,5,18,sector_publico,alta,Ingeniero,123,1,Piura,Organismos Autónomos,Otro,1
HIST-1936,4,19,sector_publico,nula,Profesor,115,1,Otro,Otro,Postulante frecuente,1
HIST-1937,3,10,sector_privado,nula,Arquitecto,101,0,Piura,Otro,Postulante frecuente,1
HIST-1938,7,15,independiente,media,Arquitecto,15,0,Lima,Organismos Autónomos,Solo visualizador,0
HIST-1939,1,7,sector_publico,nula,Profesor,108,0,Callao,Otro,Otro,0
HIST-1940,4,2,independiente,nula,Economista,89,0,Cusco,Gobierno Regional,Solo visualizador,0
HIST-1941,10,16,independiente,media,Otro,106,1,Arequipa,Ministerios/Poder Ejecutivo,Finalista/Seleccionado,1
HIST-1942,2,17,sector_privado,nula,Abogado,56,0,Cusco,Ministerios/Poder Ejecutivo,Otro,0
HIST-1943,7,11,independiente,alta,Otro,72,0,Otro,Otro,Otro,0
HIST-1944,10,19,independiente,alta,Profesor,53,0,Callao,Organismos Autónomos,Finalista/Seleccionado,0
HIST-1945,4,5,sector_publico,alta,Medico,14,0,Cusco,Organismos Autónomos,Otro,1
HIST-1946,0,16,sector_publico,alta,Profesor,174,0,Otro,Ministerios/Poder Ejecutivo,Solo visualizador,0
HIST-1947,8,1,sector_privado,alta,Profesor,68,0,Lima,Otro,Solo visualizador,0
HIST-1948,4,11,sector_privado,alta,Abogado,77,0,Arequipa,Organismos Autónomos,Otro,0
HIST-1949,2,8,sector_publico,alta,Profesor,61,0,Cusco,Otro,Finalista/Seleccionado,0
HIST-1950,4,7,sector_privado,nula,Administrador,167,0,Otro,Gobierno Regional,Solo visualizador,1
HIST-1951,3,8,sector_privado,alta,Profesor,78,0,Piura,Gobierno Regional,Finalista/Seleccionado,1
HIST-1952,2,14,sector_privado,media,Abogado,65,1,Cusco,Gobierno Regional,Finalista/Seleccionado,0
HIST-1953,6,16,independiente,alta,Contador,32,0,Callao,Organismos Autónomos,Postulante frecuente,1
HIST-1954,5,4,sector_privado,alta,Ingeniero,54,1,Callao,Municipalidades,Postulante frecuente,1
HIST-1955,7,6,independiente,alta,Abogado,64,0,Piura,Otro,Postulante frecuente,1
HIST-1956,4,2,sector_privado,media,Abogado,126,0,Piura,Municipalidades,Finalista/Seleccionado,0
HIST-1957,9,6,independiente,nula,Ingeniero,26,0,Cusco,Ministerios/Poder Ejecutivo,Solo visualizador,0
HIST-1958,3,13,independiente,nula,Medico,144,0,Callao,Municipalidades,Finalista/Seleccionado,1
HIST-1959,8,20,sector_privado,nula,Abogado,24,1,Cusco,Ministerios/Poder Ejecutivo,Otro,1
HIST-1960,4,1,sector_publico,media,Economista,155,1,Cusco,Organismos Autónomos,Finalista/Seleccionado,1
HIST-1961,8,2,sector_privado,media,Arquitecto,85,0,Callao,Gobierno Regional,Finalista/Seleccionado,0
HIST-1962,1,15,independiente,alta,Contador,58,0,Cusco,Municipalidades,Finalista/Seleccionado,0
HIST-1963,5,3,sector_publico,alta,Administrador,115,1,Cusco,Organismos Autónomos,Postulante frecuente,1
HIST-1964,6,1,sector_privado,media,Administrador,161,0,Cusco,Organismos Autónomos,Otro,0
HIST-1965,2,6,sector_publico,media,Arquitecto,24,0,Arequipa,Otro,Finalista/Seleccionado,0
HIST-1966,6,7,independiente,media,Contador,5,0,Arequipa,Municipalidades,Otro,1
HIST-1967,3,1,independiente,alta,Abogado,97,0,Callao,Municipalidades,Finalista/Seleccionado,0
HIST-1968,9,10,sector_privado,alta,Medico,166,1,Lima,Otro,Otro,1
HIST-1969,8,5,sector_privado,nula,Economista,125,1,Callao,Otro,Solo visualizador,0
HIST-1970,7,0,sector_privado,media,Economista,152,0,Arequipa,Ministerios/Poder Ejecutivo,Solo visualizador,0
HIST-1971,0,12,sector_publico,media,Ingeniero,112,0,Piura,Organismos Autónomos,Postulante frecuente,0
HIST-1972,5,17,sector_privado,nula,Arquitecto,46,0,Lima,Otro,Otro,0
HIST-1973,10,19,sector_publico,nula,Arquitecto,89,1,Otro,Otro,Finalista/Seleccionado,1
HIST-1974,0,17,sector_publico,media,Arquitecto,94,0,Otro,Otro,Otro,0
HIST-1975,9,11,sector_publico,media,Administrador,94,0,Cusco,Gobierno Regional,Solo visualizador,1
HIST-1976,10,10,independiente,alta,Medico,115,1,Piura,Gobierno Regional,Finalista/Seleccionado,1
HIST-1977,1,14,independiente,nula,Arquitecto,141,1,Piura,Ministerios/Poder Ejecutivo,Solo visualizador,0
HIST-1978,5,8,independiente,media,Profesor,124,0,Lima,Municipalidades,Otro,1
HIST-1979,1,1,sector_privado,media,Profesor,111,0,Callao,Gobierno Regional,Solo visualizador,0
HIST-1980,3,0,sector_privado,nula,Economista,39,0,Piura,Gobierno Regional,Finalista/Seleccionado,0
HIST-1981,3,20,sector_publico,nula,Otro,56,1,Cusco,Otro,Finalista/Seleccionado,1
HIST-1982,9,11,sector_privado,alta,Otro,8,0,Cusco,Organismos Autónomos,Postulante frecuente,1
HIST-1983,10,13,sector_privado,alta,Ingeniero,71,1,Piura,Ministerios/Poder Ejecutivo,Solo visualizador,1
HIST-1984,5,17,sector_privado,alta,Otro,154,1,Lima,Gobierno Regional,Solo visualizador,1
HIST-1985,6,8,sector_publico,alta,Medico,105,0,Otro,Ministerios/Poder Ejecutivo,Otro,1
HIST-1986,0,6,independiente,alta,Profesor,160,0,Piura,Gobierno Regional,Finalista/Seleccionado,0
HIST-1987,6,16,sector_privado,alta,Economista,73,1,Piura,Organismos Autónomos,Finalista/Seleccionado,1
HIST-1988,6,9,sector_publico,nula,Economista,22,0,Otro,Otro,Solo visualizador,1
HIST-1989,6,5,sector_publico,nula,Economista,166,1,Lima,Ministerios/Poder Ejecutivo,Solo visualizador,1
HIST-1990,3,15,sector_privado,alta,Contador,42,1,Lima,Otro,Otro,1
HIST-1991,1,19,independiente,nula,Medico,168,1,Callao,Gobierno Regional,Finalista/Seleccionado,0
HIST-1992,1,1,sector_privado,nula,Economista,113,0,Piura,Organismos Autónomos,Postulante frecuente,0
HIST-1993,2,19,sector_privado,alta,Arquitecto,33,1,Lima,Otro,Otro,0
HIST-1994,0,11,independiente,alta,Economista,78,0,Callao,Municipalidades,Finalista/Seleccionado,0
HIST-1995,9,7,sector_privado,media,Otro,86,1,Piura,Organismos Autónomos,Solo visualizador,1
HIST-1996,3,2,independiente,media,Otro,38,1,Arequipa,Organismos Autónomos,Otro,1
HIST-1997,6,16,sector_privado,media,Arquitecto,170,0,Cusco,Organismos Autónomos,Solo visualizador,0
HIST-1998,9,1,sector_privado,nula,Contador,173,0,Piura,Municipalidades,Solo visualizador,0
HIST-1999,4,15,sector_publico,alta,Arquitecto,47,1,Cusco,Gobierno Regional,Postulante frecuente,1
HIST-2000,8,2,independiente,media,Ingeniero,8,0,Piura,Otro,Finalista/Seleccionado,0
HIST-2001,5,6,sector_privado,nula,Otro,104,0,Arequipa,Ministerios/Poder Ejecutivo,Solo visualizador,1
HIST-2002,6,18,independiente,alta,Medico,103,0,Cusco,Ministerios/Poder Ejecutivo,Finalista/Seleccionado,0
HIST-2003,10,11,sector_publico,nula,Contador,80,0,Callao,Gobierno Regional,Finalista/Seleccionado,1
HIST-2004,1,6,sector_privado,media,Arquitecto,143,1,Callao,Organismos Autónomos,Finalista/Seleccionado,0
HIST-2005,6,10,sector_privado,alta,Abogado,172,0,Piura,Municipalidades,Postulante frecuente,1
HIST-2006,2,10,sector_publico,nula,Otro,80,0,Otro,Municipalidades,Solo visualizador,0
HIST-2007,1,7,independiente,alta,Abogado,59,1,Otro,Organismos Autónomos,Postulante frecuente,0
HIST-2008,9,18,sector_publico,nula,Medico,103,0,Callao,Ministerios/Poder Ejecutivo,Solo visualizador,1
HIST-2009,6,7,sector_publico,alta,Profesor,58,0,Cusco,Otro,Otro,0
HIST-2010,9,16,sector_publico,media,Abogado,134,0,Otro,Otro,Otro,1
HIST-2011,6,19,sector_privado,media,Contador,49,0,Arequipa,Gobierno Regional,Otro,0
HIST-2012,6,0,sector_publico,media,Profesor,93,1,Arequipa,Gobierno Regional,Finalista/Seleccionado,1
HIST-2013,0,5,sector_publico,alta,Contador,43,0,Otro,Otro,Solo visualizador,0
HIST-2014,3,8,sector_publico,alta,Arquitecto,99,0,Callao,Otro,Finalista/Seleccionado,1
HIST-2015,2,2,sector_publico,nula,Economista,144,1,Piura,Gobierno Regional,Otro,0
HIST-2016,1,3,sector_publico,alta,Arquitecto,55,0,Arequipa,Ministerios/Poder Ejecutivo,Otro,0
HIST-2017,5,9,sector_publico,media,Ingeniero,41,1,Callao,Municipalidades,Postulante frecuente,1
HIST-2018,10,11,sector_privado,alta,Medico,5,0,Callao,Organismos Autónomos,Finalista/Seleccionado,1
HIST-2019,2,7,independiente,media,Profesor,105,0,Lima,Gobierno Regional,Solo visualizador,0
HIST-2020,1,3,sector_privado,media,Administrador,41,0,Piura,Organismos Autónomos,Postulante frecuente,0
HIST-2021,1,16,sector_publico,alta,Contador,35,0,Cusco,Ministerios/Poder Ejecutivo,Finalista/Seleccionado,0
HIST-2022,8,18,sector_publico,alta,Contador,174,0,Lima,Otro,Finalista/Seleccionado,1
HIST-2023,6,19,sector_privado,nula,Ingeniero,135,0,Cusco,Gobierno Regional,Postulante frecuente,0
HIST-2024,9,8,sector_privado,media,Arquitecto,138,0,Piura,Gobierno Regional,Postulante frecuente,1
HIST-2025,0,19,sector_publico,nula,Medico,53,1,Piura,Organismos Autónomos,Otro,0
HIST-2026,0,16,sector_publico,nula,Ingeniero,114,1,Arequipa,Otro,Otro,0
HIST-2027,8,17,sector_publico,alta,Economista,10,0,Otro,Municipalidades,Otro,1
HIST-2028,10,0,sector_publico,alta,Ingeniero,164,1,Piura,Organismos Autónomos,Finalista/Seleccionado,1
HIST-2029,9,6,sector_privado,media,Abogado,160,1,Callao,Organismos Autónomos,Finalista/Seleccionado,1
HIST-2030,8,1,sector_publico,media,Medico,129,1,Cusco,Municipalidades,Solo visualizador,1
HIST-2031,4,11,independiente,media,Profesor,8,0,Cusco,Organismos Autónomos,Otro,1
HIST-2032,5,8,sector_privado,nula,Profesor,119,1,Arequipa,Ministerios/Poder Ejecutivo,Postulante frecuente,1
HIST-2033,1,20,independiente,alta,Contador,82,1,Lima,Otro,Solo visualizador,0
HIST-2034,10,18,sector_publico,nula,Medico,48,0,Arequipa,Ministerios/Poder Ejecutivo,Finalista/Seleccionado,1
HIST-2035,2,13,sector_publico,nula,Medico,134,1,Lima,Gobierno Regional,Finalista/Seleccionado,0
HIST-2036,4,4,independiente,alta,Economista,9,0,Lima,Gobierno Regional,Postulante frecuente,1
HIST-2037,2,18,sector_privado,media,Abogado,161,0,Piura,Ministerios/Poder Ejecutivo,Finalista/Seleccionado,0
HIST-2038,3,10,independiente,alta,Otro,28,0,Lima,Gobierno Regional,Finalista/Seleccionado,0
HIST-2039,3,20,sector_publico,nula,Administrador,70,0,Arequipa,Gobierno Regional,Postulante frecuente,1
HIST-2040,4,17,independiente,alta,Abogado,57,0,Callao,Otro,Finalista/Seleccionado,0
HIST-2041,4,20,sector_publico,media,Ingeniero,46,1,Lima,Organismos Autónomos,Finalista/Seleccionado,1
HIST-2042,4,13,sector_publico,nula,Administrador,130,1,Otro,Organismos Autónomos,Otro,1
HIST-2043,5,5,sector_privado,media,Contador,156,0,Arequipa,Gobierno Regional,Finalista/Seleccionado,0
HIST-2044,4,4,sector_publico,nula,Otro,24,1,Cusco,Ministerios/Poder Ejecutivo,Otro,1
HIST-2045,7,2,sector_privado,nula,Otro,107,0,Cusco,Municipalidades,Solo visualizador,0
HIST-2046,4,6,sector_privado,nula,Arquitecto,114,0,Callao,Organismos Autónomos,Otro,0
HIST-2047,3,17,sector_publico,media,Arquitecto,98,1,Piura,Municipalidades,Postulante frecuente,1
HIST-2048,6,9,sector_publico,media,Economista,131,1,Callao,Municipalidades,Otro,1
HIST-2049,8,15,independiente,nula,Contador,24,0,Otro,Otro,Finalista/Seleccionado,0
HIST-2050,2,7,sector_privado,nula,Otro,179,0,Cusco,Gobierno Regional,Postulante frecuente,0
HIST-2051,5,20,sector_publico,alta,Administrador,144,0,Piura,Organismos Autónomos,Postulante frecuente,1
HIST-2052,2,9,sector_privado,media,Medico,105,1,Lima,Gobierno Regional,Finalista/Seleccionado,0
HIST-2053,2,14,sector_publico,media,Economista,14,1,Cusco,Ministerios/Poder Ejecutivo,Solo visualizador,0
HIST-2054,2,9,independiente,media,Arquitecto,67,0,Callao,Municipalidades,Solo visualizador,0
HIST-2055,9,20,sector_publico,alta,Administrador,179,1,Piura,Municipalidades,Postulante frecuente,1
HIST-2056,9,14,sector_privado,nula,Ingeniero,172,0,Cusco,Gobierno Regional,Finalista/Seleccionado,0
HIST-2057,8,7,sector_privado,nula,Medico,107,1,Cusco,Ministerios/Poder Ejecutivo,Postulante frecuente,1
HIST-2058,1,11,sector_privado,alta,Medico,27,1,Lima,Organismos Autónomos,Postulante frecuente,0
HIST-2059,4,6,independiente,nula,Ingeniero,165,0,Lima,Ministerios/Poder Ejecutivo,Solo visualizador,0
HIST-2060,8,7,sector_publico,nula,Otro,93,1,Callao,Otro,Solo visualizador,1
HIST-2061,7,9,sector_publico,media,Profesor,49,1,Otro,Otro,Postulante frecuente,1
HIST-2062,0,14,sector_privado,alta,Ingeniero,123,0,Piura,Municipalidades,Finalista/Seleccionado,0
HIST-2063,3,17,sector_privado,media,Medico,67,0,Piura,Gobierno Regional,Solo visualizador,0
HIST-2064,1,2,sector_publico,media,Otro,22,0,Piura,Otro,Finalista/Seleccionado,0
HIST-2065,0,7,sector_publico,nula,Administrador,54,1,Lima,Organismos Autónomos,Solo visualizador,0
HIST-2066,5,4,independiente,media,Profesor,7,0,Cusco,Organismos Autónomos,Solo visualizador,0
HIST-2067,4,17,independiente,nula,Contador,170,0,Arequipa,Municipalidades,Postulante frecuente,1
HIST-2068,5,6,independiente,nula,Contador,84,0,Otro,Ministerios/Poder Ejecutivo,Solo visualizador,0
HIST-2069,1,19,sector_publico,alta,Abogado,135,0,Cusco,Gobierno Regional,Finalista/Seleccionado,0
HIST-2070,9,12,sector_publico,media,Contador,98,1,Otro,Organismos Autónomos,Otro,1
HIST-2071,10,19,independiente,alta,Ingeniero,154,1,Lima,Organismos Autónomos,Solo visualizador,1
HIST-2072,1,10,sector_publico,media,Otro,9,1,Cusco,Ministerios/Poder Ejecutivo,Postulante frecuente,1
HIST-2073,1,10,independiente,media,Arquitecto,18,0,Piura,Organismos Autónomos,Postulante frecuente,0
HIST-2074,7,15,sector_privado,nula,Administrador,79,0,Cusco,Gobierno Regional,Finalista/Seleccionado,0
HIST-2075,8,0,sector_publico,alta,Arquitecto,158,1,Otro,Gobierno Regional,Solo visualizador,1
HIST-2076,10,17,sector_privado,nula,Otro,57,0,Cusco,Otro,Finalista/Seleccionado,0
HIST-2077,3,15,sector_privado,nula,Otro,170,0,Otro,Gobierno Regional,Solo visualizador,0
HIST-2078,10,20,sector_publico,media,Arquitecto,76,1,Piura,Ministerios/Poder Ejecutivo,Otro,1
HIST-2079,0,0,independiente,nula,Medico,169,1,Otro,Municipalidades,Otro,0
HIST-2080,10,6,sector_privado,nula,Otro,8,1,Lima,Gobierno Regional,Finalista/Seleccionado,1
HIST-2081,4,20,independiente,media,Profesor,69,0,Lima,Otro,Otro,0
HIST-2082,9,7,independiente,media,Arquitecto,31,0,Lima,Otro,Finalista/Seleccionado,1
HIST-2083,3,10,sector_privado,nula,Administrador,175,1,Cusco,Municipalidades,Postulante frecuente,1
HIST-2084,2,6,independiente,media,Economista,169,1,Otro,Gobierno Regional,Finalista/Seleccionado,0
HIST-2085,8,0,independiente,nula,Administrador,154,1,Cusco,Gobierno Regional,Finalista/Seleccionado,1
HIST-2086,2,15,sector_privado,media,Economista,13,0,Lima,Gobierno Regional,Otro,0
HIST-2087,1,20,sector_privado,nula,Administrador,101,0,Arequipa,Gobierno Regional,Otro,0
HIST-2088,4,4,independiente,media,Contador,4,1,Cusco,Ministerios/Poder Ejecutivo,Solo visualizador,1
HIST-2089,0,11,independiente,media,Arquitecto,144,1,Piura,Otro,Solo visualizador,0
HIST-2090,9,7,independiente,media,Otro,99,1,Callao,Ministerios/Poder Ejecutivo,Finalista/Seleccionado,1
HIST-2091,10,11,sector_publico,alta,Otro,177,0,Cusco,Ministerios/Poder Ejecutivo,Solo visualizador,1
HIST-2092,2,20,independiente,media,Contador,25,1,Arequipa,Municipalidades,Solo visualizador,0
HIST-2093,1,12,independiente,alta,Profesor,21,0,Lima,Organismos Autónomos,Finalista/Seleccionado,0
HIST-2094,6,14,sector_publico,alta,Otro,149,1,Lima,Organismos Autónomos,Otro,1
HIST-2095,10,0,sector_privado,nula,Medico,125,1,Otro,Otro,Solo visualizador,1
HIST-2096,7,13,independiente,nula,Contador,135,0,Otro,Organismos Autónomos,Finalista/Seleccionado,1
HIST-2097,2,10,independiente,nula,Otro,148,0,Callao,Organismos Autónomos,Solo visualizador,0
HIST-2098,1,20,sector_privado,nula,Economista,39,1,Lima,Ministerios/Poder Ejecutivo,Finalista/Seleccionado,0
HIST-2099,8,20,independiente,nula,Medico,60,1,Arequipa,Ministerios/Poder Ejecutivo,Otro,1
HIST-2100,9,19,independiente,alta,Economista,104,0,Cusco,Gobierno Regional,Postulante frecuente,1
HIST-2101,0,11,independiente,alta,Arquitecto,162,1,Piura,Otro,Otro,0
HIST-2102,10,1,sector_publico,nula,Contador,50,1,Cusco,Gobierno Regional,Solo visualizador,1
HIST-2103,9,0,sector_publico,media,Otro,3,1,Lima,Gobierno Regional,Postulante frecuente,1
HIST-2104,0,8,sector_publico,media,Ingeniero,104,1,Piura,Municipalidades,Otro,0
HIST-2105,8,11,independiente,alta,Arquitecto,111,0,Callao,Municipalidades,Otro,0
HIST-2106,4,4,sector_privado,media,Arquitecto,35,0,Lima,Gobierno Regional,Solo visualizador,0
HIST-2107,7,18,sector_publico,media,Profesor,92,0,Cusco,Municipalidades,Postulante frecuente,1
HIST-2108,10,19,sector_publico,nula,Arquitecto,47,1,Callao,Ministerios/Poder Ejecutivo,Otro,1
HIST-2109,3,16,sector_privado,alta,Medico,30,1,Callao,Organismos Autónomos,Solo visualizador,1
HIST-2110,9,12,independiente,alta,Economista,173,0,Cusco,Ministerios/Poder Ejecutivo,Solo visualizador,1
HIST-2111,3,16,sector_publico,alta,Contador,169,1,Lima,Ministerios/Poder Ejecutivo,Solo visualizador,1
HIST-2112,9,14,independiente,media,Profesor,44,0,Callao,Ministerios/Poder Ejecutivo,Postulante frecuente,0
HIST-2113,10,5,sector_publico,alta,Arquitecto,87,0,Otro,Gobierno Regional,Otro,1
HIST-2114,3,9,independiente,alta,Arquitecto,123,0,Piura,Municipalidades,Postulante frecuente,1
HIST-2115,10,2,sector_privado,alta,Medico,7,0,Arequipa,Municipalidades,Finalista/Seleccionado,0
HIST-2116,3,20,sector_publico,media,Profesor,108,0,Callao,Organismos Autónomos,Otro,1
HIST-2117,0,18,sector_publico,nula,Abogado,52,1,Otro,Organismos Autónomos,Solo visualizador,0
HIST-2118,7,5,independiente,nula,Medico,125,1,Arequipa,Organismos Autónomos,Otro,1
HIST-2119,9,14,sector_publico,media,Arquitecto,69,1,Lima,Ministerios/Poder Ejecutivo,Otro,1
HIST-2120,3,15,sector_privado,nula,Arquitecto,36,0,Lima,Otro,Finalista/Seleccionado,0
HIST-2121,10,4,sector_publico,nula,Economista,120,1,Lima,Gobierno Regional,Otro,1
HIST-2122,5,18,sector_publico,alta,Economista,71,1,Callao,Otro,Finalista/Seleccionado,1
HIST-2123,1,2,sector_publico,alta,Profesor,127,1,Cusco,Gobierno Regional,Solo visualizador,0
HIST-2124,9,4,sector_privado,nula,Economista,61,1,Cusco,Gobierno Regional,Otro,0
HIST-2125,8,12,independiente,alta,Ingeniero,101,1,Callao,Otro,Postulante frecuente,1
HIST-2126,1,19,sector_publico,alta,Medico,175,0,Arequipa,Ministerios/Poder Ejecutivo,Otro,0
HIST-2127,2,12,sector_publico,nula,Administrador,97,1,Cusco,Ministerios/Poder Ejecutivo,Otro,0
HIST-2128,2,2,sector_publico,alta,Medico,121,0,Cusco,Gobierno Regional,Otro,0
HIST-2129,1,19,sector_publico,alta,Contador,123,0,Arequipa,Gobierno Regional,Postulante frecuente,0
HIST-2130,7,18,sector_privado,alta,Administrador,27,1,Lima,Organismos Autónomos,Postulante frecuente,1
HIST-2131,4,4,sector_publico,nula,Profesor,121,1,Lima,Organismos Autónomos,Solo visualizador,1
HIST-2132,2,12,sector_publico,alta,Profesor,128,0,Piura,Ministerios/Poder Ejecutivo,Otro,0
HIST-2133,9,20,independiente,media,Ingeniero,106,1,Piura,Organismos Autónomos,Solo visualizador,1
HIST-2134,9,2,independiente,alta,Administrador,46,0,Lima,Organismos Autónomos,Solo visualizador,0
HIST-2135,7,14,independiente,nula,Administrador,158,0,Piura,Municipalidades,Postulante frecuente,1
HIST-2136,5,1,sector_privado,nula,Medico,149,1,Cusco,Gobierno Regional,Finalista/Seleccionado,0
HIST-2137,4,19,sector_privado,nula,Economista,159,1,Arequipa,Gobierno Regional,Solo visualizador,1
HIST-2138,5,4,sector_privado,nula,Contador,127,1,Cusco,Otro,Postulante frecuente,1
HIST-2139,8,1,independiente,media,Otro,45,1,Arequipa,Municipalidades,Solo visualizador,1
HIST-2140,3,10,independiente,nula,Otro,117,1,Otro,Gobierno Regional,Postulante frecuente,1
HIST-2141,3,0,sector_publico,alta,Abogado,161,0,Lima,Otro,Otro,1
HIST-2142,7,3,independiente,alta,Profesor,43,1,Arequipa,Organismos Autónomos,Finalista/Seleccionado,1
HIST-2143,5,1,sector_publico,media,Otro,2,0,Arequipa,Organismos Autónomos,Postulante frecuente,1
HIST-2144,4,18,sector_privado,alta,Medico,175,0,Lima,Organismos Autónomos,Postulante frecuente,1
HIST-2145,6,2,sector_publico,nula,Ingeniero,89,1,Piura,Gobierno Regional,Solo visualizador,1
HIST-2146,8,20,independiente,alta,Administrador,166,1,Lima,Otro,Postulante frecuente,1
HIST-2147,7,18,independiente,media,Profesor,138,0,Callao,Municipalidades,Finalista/Seleccionado,0
HIST-2148,2,6,independiente,media,Ingeniero,64,0,Cusco,Otro,Solo visualizador,0
HIST-2149,7,9,independiente,nula,Medico,30,1,Cusco,Organismos Autónomos,Solo visualizador,1
HIST-2150,8,15,independiente,alta,Abogado,77,1,Piura,Ministerios/Poder Ejecutivo,Postulante frecuente,1
HIST-2151,7,3,sector_privado,nula,Contador,149,0,Otro,Gobierno Regional,Solo visualizador,0
HIST-2152,3,3,sector_privado,media,Profesor,56,0,Otro,Organismos Autónomos,Solo visualizador,0
HIST-2153,6,14,sector_privado,nula,Economista,6,0,Cusco,Ministerios/Poder Ejecutivo,Solo visualizador,1
HIST-2154,3,10,independiente,nula,Medico,57,0,Lima,Gobierno Regional,Finalista/Seleccionado,1
HIST-2155,4,1,sector_privado,nula,Contador,169,1,Lima,Municipalidades,Finalista/Seleccionado,1
HIST-2156,0,17,sector_privado,nula,Otro,71,0,Piura,Organismos Autónomos,Postulante frecuente,0
HIST-2157,3,4,independiente,alta,Arquitecto,55,1,Callao,Otro,Postulante frecuente,1
HIST-2158,2,4,sector_privado,alta,Profesor,161,1,Arequipa,Gobierno Regional,Finalista/Seleccionado,0
HIST-2159,1,3,sector_privado,nula,Profesor,33,1,Lima,Organismos Autónomos,Otro,0
HIST-2160,8,4,sector_privado,nula,Arquitecto,106,1,Arequipa,Ministerios/Poder Ejecutivo,Otro,1
HIST-2161,6,11,independiente,media,Arquitecto,120,1,Callao,Ministerios/Poder Ejecutivo,Postulante frecuente,1
HIST-2162,3,0,sector_privado,alta,Contador,144,1,Callao,Otro,Otro,1
HIST-2163,3,1,independiente,alta,Economista,78,1,Otro,Gobierno Regional,Postulante frecuente,1
HIST-2164,5,1,sector_privado,alta,Abogado,20,0,Otro,Gobierno Regional,Otro,0
HIST-2165,7,12,independiente,alta,Medico,147,0,Cusco,Organismos Autónomos,Postulante frecuente,1
HIST-2166,9,5,sector_privado,media,Ingeniero,44,0,Cusco,Ministerios/Poder Ejecutivo,Solo visualizador,0
HIST-2167,8,4,independiente,nula,Profesor,26,0,Arequipa,Municipalidades,Solo visualizador,0
HIST-2168,10,15,sector_publico,media,Administrador,134,0,Piura,Organismos Autónomos,Postulante frecuente,1
HIST-2169,7,0,sector_privado,alta,Administrador,174,1,Callao,Organismos Autónomos,Finalista/Seleccionado,1
HIST-2170,1,3,independiente,nula,Contador,172,1,Lima,Municipalidades,Otro,0
HIST-2171,9,9,independiente,media,Contador,40,0,Lima,Organismos Autónomos,Finalista/Seleccionado,0
HIST-2172,0,3,sector_privado,nula,Medico,30,0,Lima,Municipalidades,Otro,0
HIST-2173,10,16,sector_privado,nula,Otro,114,1,Callao,Organismos Autónomos,Solo visualizador,1
HIST-2174,1,1,independiente,alta,Abogado,90,1,Lima,Gobierno Regional,Otro,0
HIST-2175,1,10,independiente,nula,Ingeniero,95,1,Callao,Gobierno Regional,Finalista/Seleccionado,0
HIST-2176,10,7,sector_publico,media,Profesor,90,0,Lima,Otro,Postulante frecuente,1
HIST-2177,8,20,sector_privado,alta,Economista,58,1,Cusco,Gobierno Regional,Otro,1
HIST-2178,5,1,independiente,alta,Contador,91,1,Piura,Otro,Otro,1
HIST-2179,5,2,sector_privado,media,Contador,129,1,Callao,Otro,Solo visualizador,0
HIST-2180,8,14,sector_privado,media,Ingeniero,92,1,Piura,Gobierno Regional,Solo visualizador,1
HIST-2181,1,8,independiente,nula,Profesor,60,1,Piura,Municipalidades,Solo visualizador,0
HIST-2182,0,14,independiente,nula,Contador,66,0,Otro,Ministerios/Poder Ejecutivo,Otro,0
HIST-2183,9,16,sector_privado,alta,Arquitecto,151,0,Otro,Gobierno Regional,Postulante frecuente,1
HIST-2184,3,17,independiente,nula,Abogado,32,1,Otro,Otro,Postulante frecuente,1
HIST-2185,9,12,independiente,alta,Administrador,55,1,Arequipa,Gobierno Regional,Postulante frecuente,1
HIST-2186,5,4,sector_privado,nula,Abogado,162,1,Lima,Municipalidades,Postulante frecuente,1
HIST-2187,1,12,sector_privado,alta,Medico,22,0,Piura,Gobierno Regional,Otro,0
HIST-2188,5,15,sector_privado,alta,Abogado,98,1,Piura,Gobierno Regional,Postulante frecuente,1
HIST-2189,7,20,sector_privado,alta,Contador,44,0,Otro,Gobierno Regional,Otro,0
HIST-2190,7,6,independiente,nula,Medico,77,1,Lima,Organismos Autónomos,Postulante frecuente,1
HIST-2191,9,0,sector_privado,nula,Administrador,115,0,Lima,Gobierno Regional,Finalista/Seleccionado,0
HIST-2192,6,10,sector_publico,nula,Administrador,138,0,Callao,Otro,Solo visualizador,1
HIST-2193,6,3,sector_privado,alta,Medico,85,0,Callao,Otro,Finalista/Seleccionado,0
HIST-2194,2,12,independiente,alta,Otro,155,0,Cusco,Organismos Autónomos,Otro,0
HIST-2195,8,11,sector_publico,alta,Economista,104,0,Lima,Ministerios/Poder Ejecutivo,Solo visualizador,0
HIST-2196,6,15,sector_privado,alta,Arquitecto,89,0,Arequipa,Otro,Finalista/Seleccionado,1
HIST-2197,9,20,independiente,media,Otro,142,1,Callao,Ministerios/Poder Ejecutivo,Finalista/Seleccionado,1
HIST-2198,6,6,independiente,alta,Arquitecto,134,1,Otro,Ministerios/Poder Ejecutivo,Postulante frecuente,1
HIST-2199,9,4,independiente,media,Contador,18,1,Lima,Otro,Postulante frecuente,1
HIST-2200,0,20,sector_publico,media,Contador,88,1,Arequipa,Municipalidades,Finalista/Seleccionado,1
HIST-2201,4,9,sector_publico,alta,Profesor,42,0,Arequipa,Ministerios/Poder Ejecutivo,Postulante frecuente,1
HIST-2202,0,19,independiente,nula,Medico,40,0,Piura,Ministerios/Poder Ejecutivo,Otro,0
HIST-2203,5,11,sector_publico,alta,Economista,153,1,Cusco,Otro,Solo visualizador,1
HIST-2204,9,4,sector_privado,alta,Profesor,61,1,Lima,Otro,Finalista/Seleccionado,1
HIST-2205,3,12,sector_privado,media,Medico,72,0,Otro,Otro,Otro,0
HIST-2206,8,0,sector_publico,nula,Medico,134,1,Otro,Municipalidades,Solo visualizador,1
HIST-2207,0,18,sector_privado,media,Profesor,68,0,Arequipa,Organismos Autónomos,Otro,0
HIST-2208,4,13,sector_privado,nula,Abogado,21,0,Lima,Ministerios/Poder Ejecutivo,Solo visualizador,0
HIST-2209,2,15,independiente,nula,Contador,111,0,Piura,Ministerios/Poder Ejecutivo,Otro,0
HIST-2210,5,12,independiente,media,Abogado,11,1,Cusco,Organismos Autónomos,Otro,1
HIST-2211,4,20,sector_publico,alta,Contador,150,1,Arequipa,Gobierno Regional,Finalista/Seleccionado,1
HIST-2212,8,11,sector_privado,media,Arquitecto,174,1,Otro,Organismos Autónomos,Postulante frecuente,1
HIST-2213,10,7,independiente,nula,Otro,75,1,Callao,Otro,Solo visualizador,1
HIST-2214,4,14,sector_publico,nula,Otro,63,1,Arequipa,Gobierno Regional,Finalista/Seleccionado,1
HIST-2215,8,5,independiente,media,Profesor,68,0,Arequipa,Ministerios/Poder Ejecutivo,Finalista/Seleccionado,0
HIST-2216,4,7,independiente,nula,Abogado,43,0,Arequipa,Municipalidades,Postulante frecuente,0
HIST-2217,2,10,sector_privado,nula,Contador,94,0,Cusco,Organismos Autónomos,Solo visualizador,0
HIST-2218,8,7,sector_publico,alta,Arquitecto,104,0,Otro,Organismos Autónomos,Solo visualizador,1
HIST-2219,6,7,independiente,media,Arquitecto,165,0,Lima,Ministerios/Poder Ejecutivo,Postulante frecuente,1
HIST-2220,3,17,sector_publico,alta,Economista,81,0,Piura,Municipalidades,Otro,1
HIST-2221,1,0,sector_publico,nula,Profesor,27,0,Callao,Ministerios/Poder Ejecutivo,Otro,0
HIST-2222,9,7,independiente,media,Contador,16,1,Lima,Gobierno Regional,Solo visualizador,1
HIST-2223,6,3,sector_publico,media,Administrador,111,1,Piura,Municipalidades,Postulante frecuente,1
HIST-2224,10,20,independiente,nula,Contador,167,1,Callao,Gobierno Regional,Solo visualizador,1
HIST-2225,9,3,sector_privado,alta,Profesor,82,1,Lima,Municipalidades,Postulante frecuente,1
HIST-2226,3,8,sector_privado,nula,Profesor,158,0,Lima,Otro,Postulante frecuente,0
HIST-2227,0,1,independiente,nula,Arquitecto,79,0,Otro,Gobierno Regional,Postulante frecuente,0
HIST-2228,8,13,sector_publico,alta,Administrador,10,0,Cusco,Ministerios/Poder Ejecutivo,Postulante frecuente,1
HIST-2229,1,6,sector_publico,alta,Abogado,48,1,Cusco,Gobierno Regional,Postulante frecuente,1
HIST-2230,2,15,sector_publico,media,Contador,158,1,Arequipa,Municipalidades,Postulante frecuente,1
HIST-2231,10,2,independiente,media,Otro,52,1,Piura,Gobierno Regional,Finalista/Seleccionado,1
HIST-2232,0,11,independiente,nula,Medico,100,1,Piura,Otro,Postulante frecuente,0
HIST-2233,8,16,sector_privado,alta,Profesor,20,0,Lima,Otro,Solo visualizador,0
HIST-2234,10,0,independiente,media,Economista,22,1,Callao,Ministerios/Poder Ejecutivo,Postulante frecuente,1
HIST-2235,6,20,sector_privado,media,Profesor,148,0,Cusco,Gobierno Regional,Finalista/Seleccionado,0
HIST-2236,2,0,independiente,nula,Administrador,111,1,Piura,Otro,Postulante frecuente,0
HIST-2237,3,7,sector_publico,nula,Abogado,125,1,Arequipa,Municipalidades,Otro,1
HIST-2238,0,8,independiente,alta,Abogado,115,1,Arequipa,Ministerios/Poder Ejecutivo,Otro,0
HIST-2239,1,2,sector_publico,alta,Otro,22,0,Callao,Municipalidades,Solo visualizador,0
HIST-2240,9,12,sector_publico,nula,Medico,126,0,Otro,Ministerios/Poder Ejecutivo,Solo visualizador,1
HIST-2241,6,13,sector_publico,nula,Economista,148,1,Piura,Organismos Autónomos,Postulante frecuente,1
HIST-2242,1,18,sector_privado,media,Economista,115,0,Lima,Gobierno Regional,Postulante frecuente,0
HIST-2243,8,11,sector_publico,alta,Administrador,61,1,Lima,Organismos Autónomos,Postulante frecuente,1
HIST-2244,3,20,independiente,media,Profesor,78,1,Otro,Otro,Finalista/Seleccionado,1
HIST-2245,7,2,independiente,nula,Arquitecto,80,1,Arequipa,Otro,Postulante frecuente,1
HIST-2246,5,10,sector_publico,alta,Contador,131,1,Cusco,Organismos Autónomos,Solo visualizador,1
HIST-2247,4,10,sector_privado,alta,Medico,162,1,Cusco,Organismos Autónomos,Solo visualizador,1
HIST-2248,10,13,sector_privado,nula,Profesor,62,1,Arequipa,Municipalidades,Otro,1
HIST-2249,4,4,sector_publico,nula,Contador,45,1,Arequipa,Organismos Autónomos,Postulante frecuente,1
HIST-2250,4,16,sector_privado,nula,Profesor,94,0,Callao,Municipalidades,Postulante frecuente,0
HIST-2251,6,14,independiente,media,Profesor,118,0,Piura,Otro,Solo visualizador,0
HIST-2252,5,9,sector_privado,alta,Medico,63,1,Lima,Otro,Postulante frecuente,1
HIST-2253,6,0,independiente,alta,Medico,24,1,Callao,Ministerios/Poder Ejecutivo,Finalista/Seleccionado,1
HIST-2254,5,5,independiente,nula,Abogado,147,1,Piura,Ministerios/Poder Ejecutivo,Solo visualizador,1
HIST-2255,4,8,sector_publico,alta,Abogado,82,0,Piura,Gobierno Regional,Solo visualizador,0
HIST-2256,9,11,independiente,media,Ingeniero,69,0,Callao,Gobierno Regional,Solo visualizador,0
HIST-2257,7,7,independiente,media,Otro,86,0,Otro,Municipalidades,Otro,0
HIST-2258,1,13,sector_privado,nula,Medico,91,1,Arequipa,Otro,Solo visualizador,0
HIST-2259,2,18,sector_privado,alta,Arquitecto,58,0,Arequipa,Gobierno Regional,Finalista/Seleccionado,0
HIST-2260,5,15,sector_publico,media,Contador,154,1,Cusco,Organismos Autónomos,Finalista/Seleccionado,1
HIST-2261,5,12,sector_privado,nula,Ingeniero,128,1,Piura,Organismos Autónomos,Solo visualizador,1
HIST-2262,5,9,sector_publico,alta,Contador,132,0,Otro,Otro,Finalista/Seleccionado,1
HIST-2263,8,11,sector_publico,alta,Medico,59,0,Cusco,Organismos Autónomos,Postulante frecuente,1
HIST-2264,4,5,sector_privado,alta,Arquitecto,73,0,Arequipa,Otro,Postulante frecuente,0
HIST-2265,2,4,independiente,alta,Profesor,163,0,Piura,Ministerios/Poder Ejecutivo,Otro,0
HIST-2266,2,19,sector_privado,media,Profesor,84,1,Callao,Municipalidades,Solo visualizador,0
HIST-2267,6,12,sector_publico,alta,Ingeniero,45,0,Arequipa,Gobierno Regional,Postulante frecuente,1
HIST-2268,8,16,sector_privado,alta,Contador,140,0,Otro,Otro,Postulante frecuente,0
HIST-2269,2,1,independiente,nula,Medico,141,0,Piura,Organismos Autónomos,Postulante frecuente,0
HIST-2270,6,15,sector_publico,media,Profesor,107,1,Piura,Municipalidades,Postulante frecuente,1
HIST-2271,0,10,sector_privado,alta,Abogado,90,0,Cusco,Otro,Solo visualizador,0
HIST-2272,6,3,sector_publico,nula,Ingeniero,33,1,Otro,Organismos Autónomos,Solo visualizador,1
HIST-2273,8,14,independiente,nula,Contador,98,0,Piura,Municipalidades,Finalista/Seleccionado,0
HIST-2274,3,2,independiente,alta,Administrador,19,1,Lima,Otro,Solo visualizador,1
HIST-2275,10,8,independiente,media,Contador,140,1,Arequipa,Gobierno Regional,Postulante frecuente,1
HIST-2276,2,4,independiente,alta,Medico,68,0,Otro,Ministerios/Poder Ejecutivo,Otro,0
HIST-2277,3,1,sector_privado,media,Profesor,70,0,Lima,Gobierno Regional,Postulante frecuente,1
HIST-2278,9,15,sector_privado,alta,Arquitecto,85,1,Cusco,Ministerios/Poder Ejecutivo,Finalista/Seleccionado,1
HIST-2279,10,15,independiente,nula,Contador,48,1,Arequipa,Municipalidades,Postulante frecuente,1
HIST-2280,2,6,sector_publico,media,Profesor,83,0,Callao,Ministerios/Poder Ejecutivo,Otro,0
HIST-2281,5,7,sector_publico,alta,Arquitecto,131,0,Cusco,Gobierno Regional,Otro,1
HIST-2282,5,10,sector_publico,alta,Arquitecto,176,0,Arequipa,Ministerios/Poder Ejecutivo,Solo visualizador,0
HIST-2283,7,16,sector_privado,alta,Otro,120,1,Piura,Otro,Otro,1
HIST-2284,7,17,independiente,nula,Arquitecto,157,1,Piura,Gobierno Regional,Finalista/Seleccionado,1
HIST-2285,10,14,sector_privado,nula,Arquitecto,164,0,Lima,Municipalidades,Otro,1
HIST-2286,8,5,sector_publico,alta,Profesor,75,0,Callao,Gobierno Regional,Otro,0
HIST-2287,2,9,sector_privado,alta,Economista,160,1,Otro,Municipalidades,Finalista/Seleccionado,0
HIST-2288,5,17,sector_privado,media,Contador,146,0,Lima,Municipalidades,Otro,1
HIST-2289,4,0,sector_privado,media,Administrador,43,1,Lima,Gobierno Regional,Postulante frecuente,1
HIST-2290,8,5,independiente,media,Contador,61,1,Lima,Ministerios/Poder Ejecutivo,Postulante frecuente,1
HIST-2291,7,13,sector_publico,media,Profesor,135,0,Lima,Otro,Finalista/Seleccionado,1
HIST-2292,6,0,sector_publico,nula,Administrador,45,0,Piura,Ministerios/Poder Ejecutivo,Postulante frecuente,1
HIST-2293,8,11,independiente,nula,Administrador,62,1,Cusco,Organismos Autónomos,Otro,1
HIST-2294,9,0,sector_publico,media,Contador,68,0,Arequipa,Ministerios/Poder Ejecutivo,Solo visualizador,0
HIST-2295,1,17,sector_publico,media,Abogado,106,0,Piura,Municipalidades,Solo visualizador,0
HIST-2296,9,0,independiente,media,Profesor,158,1,Otro,Organismos Autónomos,Solo visualizador,1
HIST-2297,5,12,sector_privado,alta,Economista,75,0,Piura,Organismos Autónomos,Postulante frecuente,1
HIST-2298,2,0,sector_publico,nula,Otro,105,1,Cusco,Municipalidades,Finalista/Seleccionado,0
HIST-2299,3,4,sector_publico,media,Ingeniero,55,0,Lima,Otro,Solo visualizador,0
HIST-2300,2,13,sector_publico,media,Arquitecto,115,1,Arequipa,Municipalidades,Solo visualizador,1
HIST-2301,2,7,sector_publico,media,Otro,113,0,Otro,Ministerios/Poder Ejecutivo,Postulante frecuente,0
HIST-2302,5,8,sector_publico,media,Contador,66,0,Cusco,Ministerios/Poder Ejecutivo,Otro,1
HIST-2303,6,12,sector_publico,nula,Ingeniero,169,1,Arequipa,Ministerios/Poder Ejecutivo,Solo visualizador,1
HIST-2304,6,3,independiente,media,Economista,71,1,Piura,Ministerios/Poder Ejecutivo,Otro,1
HIST-2305,8,6,sector_publico,alta,Ingeniero,173,1,Lima,Gobierno Regional,Postulante frecuente,1
HIST-2306,3,0,sector_publico,alta,Ingeniero,3,0,Piura,Organismos Autónomos,Postulante frecuente,1
HIST-2307,4,5,sector_privado,alta,Economista,103,0,Cusco,Gobierno Regional,Otro,0
HIST-2308,7,17,sector_privado,nula,Otro,135,0,Piura,Gobierno Regional,Solo visualizador,1
HIST-2309,6,3,independiente,media,Administrador,64,1,Otro,Municipalidades,Solo visualizador,1
HIST-2310,0,9,sector_publico,alta,Profesor,83,1,Piura,Ministerios/Poder Ejecutivo,Postulante frecuente,1
HIST-2311,8,18,independiente,nula,Profesor,124,0,Lima,Organismos Autónomos,Solo visualizador,0
HIST-2312,9,12,independiente,nula,Otro,99,1,Arequipa,Ministerios/Poder Ejecutivo,Postulante frecuente,1
HIST-2313,1,8,independiente,alta,Abogado,124,1,Arequipa,Gobierno Regional,Finalista/Seleccionado,0
HIST-2314,2,1,independiente,alta,Otro,121,0,Otro,Organismos Autónomos,Solo visualizador,0
HIST-2315,0,17,sector_privado,nula,Arquitecto,151,1,Cusco,Municipalidades,Finalista/Seleccionado,0
HIST-2316,4,17,sector_privado,alta,Ingeniero,127,0,Lima,Organismos Autónomos,Solo visualizador,1
HIST-2317,4,3,independiente,nula,Arquitecto,109,0,Lima,Municipalidades,Postulante frecuente,1
HIST-2318,9,12,sector_privado,media,Arquitecto,99,1,Cusco,Municipalidades,Postulante frecuente,1
HIST-2319,6,13,sector_publico,alta,Otro,74,0,Lima,Otro,Otro,1
HIST-2320,1,1,independiente,media,Profesor,82,1,Callao,Municipalidades,Otro,0
HIST-2321,9,0,sector_privado,nula,Medico,34,0,Cusco,Municipalidades,Solo visualizador,0
HIST-2322,10,3,sector_publico,media,Otro,59,0,Piura,Municipalidades,Otro,0
HIST-2323,4,7,independiente,nula,Ingeniero,41,0,Callao,Municipalidades,Finalista/Seleccionado,1
HIST-2324,2,4,sector_publico,nula,Administrador,57,1,Arequipa,Gobierno Regional,Otro,0
HIST-2325,2,9,independiente,nula,Administrador,127,1,Cusco,Ministerios/Poder Ejecutivo,Otro,0
HIST-2326,3,0,sector_privado,nula,Ingeniero,59,0,Piura,Municipalidades,Postulante frecuente,0
HIST-2327,1,0,sector_privado,media,Ingeniero,47,0,Arequipa,Organismos Autónomos,Solo visualizador,0
HIST-2328,7,10,sector_publico,alta,Otro,157,0,Arequipa,Municipalidades,Otro,1
HIST-2329,2,0,independiente,media,Profesor,28,1,Lima,Organismos Autónomos,Otro,0
HIST-2330,0,1,sector_publico,media,Administrador,110,0,Arequipa,Gobierno Regional,Postulante frecuente,0
HIST-2331,7,11,sector_publico,media,Otro,92,0,Otro,Organismos Autónomos,Otro,1
HIST-2332,0,17,sector_publico,alta,Profesor,60,0,Piura,Otro,Finalista/Seleccionado,0
HIST-2333,5,17,sector_publico,alta,Economista,176,0,Piura,Municipalidades,Otro,1
HIST-2334,10,9,sector_publico,media,Economista,12,0,Otro,Otro,Solo visualizador,1
HIST-2335,0,18,sector_privado,alta,Arquitecto,167,1,Cusco,Organismos Autónomos,Otro,0
HIST-2336,4,14,sector_publico,alta,Economista,0,1,Otro,Ministerios/Poder Ejecutivo,Otro,1
HIST-2337,1,4,independiente,nula,Ingeniero,100,0,Callao,Otro,Solo visualizador,0
HIST-2338,1,12,sector_publico,media,Arquitecto,81,0,Arequipa,Ministerios/Poder Ejecutivo,Otro,0
HIST-2339,8,16,sector_publico,media,Medico,155,1,Cusco,Ministerios/Poder Ejecutivo,Finalista/Seleccionado,1
HIST-2340,7,4,independiente,alta,Economista,123,0,Arequipa,Otro,Otro,0
HIST-2341,2,16,sector_publico,media,Medico,67,0,Otro,Gobierno Regional,Otro,0
HIST-2342,0,11,independiente,media,Abogado,122,1,Cusco,Otro,Solo visualizador,0
HIST-2343,5,18,sector_publico,media,Profesor,51,1,Piura,Gobierno Regional,Postulante frecuente,1
HIST-2344,10,15,independiente,alta,Profesor,168,0,Arequipa,Otro,Solo visualizador,0
HIST-2345,6,9,independiente,media,Otro,37,1,Lima,Otro,Finalista/Seleccionado,1
HIST-2346,0,4,independiente,nula,Ingeniero,111,1,Piura,Municipalidades,Otro,0
HIST-2347,0,15,sector_privado,nula,Ingeniero,72,1,Cusco,Municipalidades,Otro,0
HIST-2348,0,2,sector_privado,media,Profesor,64,0,Cusco,Municipalidades,Otro,0
HIST-2349,4,18,sector_privado,media,Otro,165,1,Otro,Ministerios/Poder Ejecutivo,Solo visualizador,1
HIST-2350,7,12,sector_publico,nula,Abogado,48,1,Otro,Ministerios/Poder Ejecutivo,Finalista/Seleccionado,1
HIST-2351,10,20,independiente,nula,Medico,22,1,Callao,Otro,Solo visualizador,1
HIST-2352,10,19,sector_publico,nula,Ingeniero,98,1,Piura,Gobierno Regional,Solo visualizador,1
HIST-2353,6,4,independiente,nula,Economista,160,0,Piura,Ministerios/Poder Ejecutivo,Otro,0
HIST-2354,1,2,sector_publico,nula,Administrador,95,0,Cusco,Organismos Autónomos,Finalista/Seleccionado,0
HIST-2355,6,2,sector_publico,alta,Economista,166,1,Cusco,Organismos Autónomos,Finalista/Seleccionado,1
HIST-2356,3,13,sector_publico,nula,Contador,99,1,Callao,Ministerios/Poder Ejecutivo,Otro,1
HIST-2357,10,11,independiente,nula,Abogado,59,1,Arequipa,Ministerios/Poder Ejecutivo,Solo visualizador,1
HIST-2358,10,19,sector_publico,nula,Otro,121,0,Cusco,Otro,Finalista/Seleccionado,1
HIST-2359,4,1,sector_privado,nula,Contador,164,1,Cusco,Otro,Postulante frecuente,1
HIST-2360,1,0,sector_publico,nula,Ingeniero,27,0,Arequipa,Municipalidades,Otro,0
HIST-2361,2,5,sector_publico,media,Arquitecto,121,0,Otro,Ministerios/Poder Ejecutivo,Solo visualizador,0
HIST-2362,0,20,independiente,alta,Economista,112,0,Cusco,Municipalidades,Finalista/Seleccionado,0
HIST-2363,3,7,sector_publico,media,Economista,80,1,Callao,Otro,Finalista/Seleccionado,1
HIST-2364,2,11,sector_publico,media,Ingeniero,171,1,Piura,Otro,Solo visualizador,0
HIST-2365,7,14,sector_publico,media,Economista,95,1,Cusco,Gobierno Regional,Postulante frecuente,1
HIST-2366,3,18,sector_privado,nula,Economista,15,1,Arequipa,Gobierno Regional,Solo visualizador,1
HIST-2367,9,1,sector_privado,media,Contador,159,0,Piura,Ministerios/Poder Ejecutivo,Solo visualizador,0
HIST-2368,0,16,sector_publico,media,Arquitecto,174,0,Callao,Organismos Autónomos,Postulante frecuente,0
HIST-2369,7,18,independiente,media,Ingeniero,104,1,Otro,Organismos Autónomos,Postulante frecuente,1
HIST-2370,0,0,independiente,media,Abogado,126,0,Otro,Ministerios/Poder Ejecutivo,Finalista/Seleccionado,0
HIST-2371,7,19,sector_privado,media,Abogado,132,0,Callao,Municipalidades,Finalista/Seleccionado,0
HIST-2372,2,12,sector_publico,nula,Ingeniero,164,1,Arequipa,Organismos Autónomos,Postulante frecuente,0
HIST-2373,0,2,sector_publico,nula,Arquitecto,117,1,Callao,Organismos Autónomos,Finalista/Seleccionado,0
HIST-2374,1,20,sector_publico,nula,Administrador,36,1,Cusco,Ministerios/Poder Ejecutivo,Postulante frecuente,1
HIST-2375,5,2,sector_publico,alta,Otro,166,1,Piura,Otro,Otro,1
HIST-2376,9,2,independiente,alta,Profesor,99,0,Callao,Municipalidades,Postulante frecuente,0
HIST-2377,10,12,independiente,alta,Profesor,1,1,Callao,Gobierno Regional,Postulante frecuente,1
HIST-2378,9,18,sector_publico,alta,Contador,178,1,Callao,Gobierno Regional,Solo visualizador,1
HIST-2379,10,2,sector_publico,alta,Profesor,65,0,Callao,Municipalidades,Solo visualizador,1
HIST-2380,0,15,sector_publico,nula,Contador,44,0,Otro,Otro,Postulante frecuente,0
HIST-2381,2,16,independiente,nula,Abogado,46,1,Piura,Gobierno Regional,Postulante frecuente,1
HIST-2382,10,1,sector_publico,alta,Otro,37,0,Piura,Otro,Solo visualizador,0
HIST-2383,3,18,sector_publico,alta,Administrador,139,0,Cusco,Municipalidades,Finalista/Seleccionado,1
HIST-2384,10,17,sector_publico,nula,Abogado,106,1,Piura,Municipalidades,Finalista/Seleccionado,1
HIST-2385,2,15,sector_privado,nula,Medico,115,1,Callao,Gobierno Regional,Otro,0
HIST-2386,7,15,independiente,nula,Medico,84,0,Cusco,Gobierno Regional,Postulante frecuente,0
HIST-2387,3,2,sector_privado,nula,Profesor,93,0,Otro,Ministerios/Poder Ejecutivo,Postulante frecuente,1
HIST-2388,6,10,sector_publico,nula,Ingeniero,86,1,Piura,Otro,Finalista/Seleccionado,1
HIST-2389,0,4,sector_publico,nula,Arquitecto,17,0,Callao,Organismos Autónomos,Solo visualizador,0
HIST-2390,9,15,sector_privado,nula,Arquitecto,86,1,Arequipa,Gobierno Regional,Otro,1
HIST-2391,8,0,sector_publico,nula,Medico,73,1,Cusco,Ministerios/Poder Ejecutivo,Solo visualizador,1
HIST-2392,2,18,independiente,media,Ingeniero,38,0,Piura,Ministerios/Poder Ejecutivo,Otro,0
HIST-2393,6,4,sector_publico,media,Administrador,152,0,Piura,Organismos Autónomos,Postulante frecuente,0
HIST-2394,3,2,sector_privado,alta,Abogado,7,0,Otro,Otro,Solo visualizador,1
HIST-2395,8,3,sector_privado,media,Arquitecto,102,1,Cusco,Municipalidades,Finalista/Seleccionado,0
HIST-2396,1,10,sector_publico,alta,Administrador,150,0,Piura,Gobierno Regional,Solo visualizador,0
HIST-2397,1,13,sector_publico,media,Profesor,98,1,Cusco,Municipalidades,Postulante frecuente,1
HIST-2398,6,0,independiente,alta,Arquitecto,175,0,Piura,Municipalidades,Otro,0
HIST-2399,2,7,sector_publico,media,Administrador,163,0,Callao,Gobierno Regional,Postulante frecuente,0
HIST-2400,6,15,sector_privado,alta,Contador,126,0,Lima,Municipalidades,Finalista/Seleccionado,0
HIST-2401,1,9,sector_publico,alta,Economista,174,0,Lima,Municipalidades,Solo visualizador,0
HIST-2402,6,9,independiente,media,Abogado,145,0,Callao,Municipalidades,Finalista/Seleccionado,1
HIST-2403,8,14,independiente,alta,Ingeniero,16,1,Cusco,Municipalidades,Otro,1
HIST-2404,10,4,sector_privado,media,Medico,91,0,Piura,Municipalidades,Otro,0
HIST-2405,8,0,independiente,nula,Economista,163,1,Callao,Organismos Autónomos,Solo visualizador,1
HIST-2406,6,12,sector_publico,media,Abogado,10,0,Otro,Otro,Otro,1
HIST-2407,4,14,independiente,nula,Abogado,50,1,Arequipa,Organismos Autónomos,Finalista/Seleccionado,1
HIST-2408,3,15,independiente,alta,Medico,27,1,Lima,Municipalidades,Finalista/Seleccionado,1
HIST-2409,5,5,independiente,alta,Ingeniero,21,1,Callao,Ministerios/Poder Ejecutivo,Otro,1
HIST-2410,9,11,sector_privado,nula,Profesor,98,0,Otro,Gobierno Regional,Otro,0
HIST-2411,7,10,independiente,media,Medico,122,0,Otro,Ministerios/Poder Ejecutivo,Finalista/Seleccionado,1
HIST-2412,0,3,sector_publico,alta,Economista,151,1,Otro,Otro,Postulante frecuente,0
HIST-2413,3,1,sector_publico,media,Contador,92,1,Piura,Organismos Autónomos,Postulante frecuente,1
HIST-2414,1,16,independiente,media,Ingeniero,166,1,Cusco,Municipalidades,Finalista/Seleccionado,0
HIST-2415,9,3,sector_privado,alta,Profesor,57,1,Callao,Otro,Postulante frecuente,1
HIST-2416,10,6,sector_publico,alta,Economista,139,0,Otro,Municipalidades,Postulante frecuente,1
HIST-2417,6,20,independiente,media,Administrador,131,1,Callao,Otro,Finalista/Seleccionado,1
HIST-2418,3,17,sector_privado,media,Arquitecto,128,0,Arequipa,Municipalidades,Solo visualizador,0
HIST-2419,5,16,sector_privado,nula,Economista,147,0,Cusco,Otro,Solo visualizador,0
HIST-2420,4,8,sector_publico,media,Abogado,99,0,Arequipa,Otro,Solo visualizador,1
HIST-2421,10,20,sector_privado,alta,Administrador,29,0,Cusco,Ministerios/Poder Ejecutivo,Finalista/Seleccionado,0
HIST-2422,3,17,sector_privado,alta,Profesor,142,0,Callao,Organismos Autónomos,Otro,0
HIST-2423,3,4,independiente,media,Administrador,50,0,Lima,Gobierno Regional,Finalista/Seleccionado,0
HIST-2424,7,14,independiente,nula,Otro,127,0,Otro,Ministerios/Poder Ejecutivo,Otro,0
HIST-2425,8,6,independiente,alta,Administrador,31,0,Lima,Otro,Solo visualizador,0
HIST-2426,5,2,sector_privado,alta,Profesor,100,1,Lima,Gobierno Regional,Solo visualizador,1
HIST-2427,2,2,sector_privado,nula,Arquitecto,106,1,Piura,Ministerios/Poder Ejecutivo,Postulante frecuente,0
HIST-2428,9,16,sector_privado,alta,Medico,159,1,Callao,Gobierno Regional,Finalista/Seleccionado,1
HIST-2429,10,20,independiente,nula,Otro,50,1,Cusco,Gobierno Regional,Otro,1
HIST-2430,5,4,independiente,nula,Administrador,32,1,Cusco,Otro,Postulante frecuente,1
HIST-2431,3,7,independiente,nula,Otro,60,0,Arequipa,Ministerios/Poder Ejecutivo,Postulante frecuente,1
HIST-2432,2,8,sector_privado,alta,Arquitecto,113,1,Piura,Otro,Postulante frecuente,0
HIST-2433,10,11,sector_publico,alta,Otro,158,1,Lima,Municipalidades,Postulante frecuente,1
HIST-2434,10,5,sector_publico,nula,Economista,113,1,Otro,Organismos Autónomos,Otro,1
HIST-2435,4,16,independiente,nula,Otro,34,1,Callao,Municipalidades,Postulante frecuente,1
HIST-2436,1,1,sector_privado,nula,Ingeniero,141,1,Piura,Ministerios/Poder Ejecutivo,Otro,0
HIST-2437,2,4,sector_privado,nula,Abogado,128,0,Arequipa,Gobierno Regional,Solo visualizador,0
HIST-2438,8,10,sector_privado,media,Administrador,46,0,Otro,Organismos Autónomos,Finalista/Seleccionado,0
HIST-2439,10,7,sector_privado,nula,Administrador,179,1,Otro,Municipalidades,Solo visualizador,1
HIST-2440,10,1,sector_publico,media,Abogado,169,1,Arequipa,Organismos Autónomos,Postulante frecuente,1
HIST-2441,1,6,sector_privado,alta,Ingeniero,13,1,Cusco,Otro,Solo visualizador,0
HIST-2442,10,12,independiente,alta,Arquitecto,10,0,Arequipa,Gobierno Regional,Postulante frecuente,1
HIST-2443,10,1,independiente,media,Ingeniero,89,0,Lima,Organismos Autónomos,Solo visualizador,0
HIST-2444,2,20,sector_privado,alta,Medico,7,1,Otro,Ministerios/Poder Ejecutivo,Finalista/Seleccionado,0
HIST-2445,1,7,sector_privado,media,Administrador,71,0,Piura,Ministerios/Poder Ejecutivo,Otro,0
HIST-2446,9,7,independiente,media,Ingeniero,45,0,Arequipa,Gobierno Regional,Finalista/Seleccionado,0
HIST-2447,7,13,sector_privado,alta,Medico,162,1,Otro,Ministerios/Poder Ejecutivo,Postulante frecuente,1
HIST-2448,9,5,independiente,alta,Profesor,131,1,Cusco,Ministerios/Poder Ejecutivo,Otro,1
HIST-2449,10,1,sector_publico,nula,Profesor,102,1,Lima,Municipalidades,Postulante frecuente,1
HIST-2450,10,18,sector_privado,media,Abogado,97,1,Arequipa,Gobierno Regional,Postulante frecuente,1
HIST-2451,2,4,independiente,media,Contador,142,0,Arequipa,Gobierno Regional,Finalista/Seleccionado,0
HIST-2452,9,3,sector_publico,alta,Otro,63,0,Otro,Gobierno Regional,Solo visualizador,0
HIST-2453,8,12,independiente,nula,Profesor,16,0,Arequipa,Organismos Autónomos,Solo visualizador,1
HIST-2454,1,14,independiente,media,Economista,177,1,Cusco,Municipalidades,Finalista/Seleccionado,0
HIST-2455,7,4,independiente,nula,Arquitecto,95,1,Cusco,Organismos Autónomos,Otro,0
HIST-2456,6,9,sector_privado,media,Economista,38,1,Arequipa,Municipalidades,Otro,1
HIST-2457,10,1,sector_privado,alta,Contador,148,1,Arequipa,Ministerios/Poder Ejecutivo,Finalista/Seleccionado,0
HIST-2458,0,20,independiente,alta,Arquitecto,80,1,Cusco,Ministerios/Poder Ejecutivo,Otro,0
HIST-2459,2,0,sector_privado,alta,Abogado,179,1,Piura,Organismos Autónomos,Otro,0
HIST-2460,2,3,independiente,media,Otro,149,0,Callao,Gobierno Regional,Otro,0
HIST-2461,4,9,sector_publico,media,Administrador,8,1,Lima,Otro,Solo visualizador,1
HIST-2462,9,9,sector_privado,alta,Otro,142,1,Arequipa,Ministerios/Poder Ejecutivo,Otro,1
HIST-2463,1,15,sector_privado,media,Administrador,91,0,Piura,Organismos Autónomos,Finalista/Seleccionado,0
HIST-2464,2,3,sector_publico,media,Ingeniero,166,0,Lima,Municipalidades,Otro,0
HIST-2465,5,13,independiente,nula,Abogado,142,0,Lima,Gobierno Regional,Postulante frecuente,1
HIST-2466,10,13,independiente,media,Administrador,180,0,Piura,Gobierno Regional,Solo visualizador,0
HIST-2467,1,14,sector_privado,nula,Arquitecto,148,0,Callao,Ministerios/Poder Ejecutivo,Otro,0
HIST-2468,1,9,independiente,alta,Profesor,66,1,Otro,Municipalidades,Solo visualizador,0
HIST-2469,9,11,sector_privado,nula,Contador,61,0,Cusco,Gobierno Regional,Otro,0
HIST-2470,5,19,sector_privado,nula,Otro,101,1,Callao,Municipalidades,Solo visualizador,1
HIST-2471,3,11,sector_privado,alta,Profesor,83,1,Lima,Municipalidades,Solo visualizador,1
HIST-2472,4,9,sector_publico,media,Otro,124,0,Callao,Organismos Autónomos,Otro,1
HIST-2473,5,13,sector_privado,nula,Administrador,91,1,Arequipa,Otro,Postulante frecuente,1
HIST-2474,7,6,sector_privado,alta,Administrador,129,1,Callao,Ministerios/Poder Ejecutivo,Otro,1
HIST-2475,7,11,sector_privado,alta,Otro,170,0,Lima,Organismos Autónomos,Finalista/Seleccionado,0
HIST-2476,10,0,sector_publico,media,Contador,9,1,Otro,Gobierno Regional,Solo visualizador,1
HIST-2477,5,12,sector_privado,media,Medico,110,0,Cusco,Organismos Autónomos,Postulante frecuente,1
HIST-2478,7,6,independiente,media,Arquitecto,6,0,Callao,Municipalidades,Postulante frecuente,1
HIST-2479,6,16,sector_privado,media,Economista,62,1,Callao,Ministerios/Poder Ejecutivo,Otro,1
HIST-2480,2,15,independiente,alta,Arquitecto,101,1,Lima,Gobierno Regional,Otro,0
HIST-2481,9,18,sector_privado,alta,Contador,23,0,Callao,Gobierno Regional,Postulante frecuente,1
HIST-2482,4,2,sector_privado,media,Administrador,91,0,Otro,Gobierno Regional,Otro,0
HIST-2483,2,9,independiente,alta,Ingeniero,41,0,Arequipa,Ministerios/Poder Ejecutivo,Solo visualizador,0
HIST-2484,9,19,sector_privado,media,Economista,94,1,Otro,Gobierno Regional,Finalista/Seleccionado,1
HIST-2485,1,19,independiente,alta,Otro,18,0,Callao,Municipalidades,Otro,0
HIST-2486,1,5,sector_publico,nula,Administrador,112,1,Arequipa,Organismos Autónomos,Otro,0
HIST-2487,5,14,independiente,alta,Ingeniero,14,0,Cusco,Otro,Finalista/Seleccionado,0
HIST-2488,3,2,sector_privado,media,Administrador,20,1,Lima,Otro,Solo visualizador,0
HIST-2489,8,4,sector_privado,nula,Otro,31,0,Lima,Organismos Autónomos,Otro,0
HIST-2490,0,16,sector_privado,media,Economista,14,1,Lima,Municipalidades,Solo visualizador,0
HIST-2491,4,20,independiente,media,Contador,109,0,Piura,Ministerios/Poder Ejecutivo,Otro,0
HIST-2492,4,11,independiente,nula,Abogado,140,0,Otro,Ministerios/Poder Ejecutivo,Finalista/Seleccionado,0
HIST-2493,0,2,independiente,nula,Arquitecto,51,1,Callao,Municipalidades,Solo visualizador,0
HIST-2494,3,15,sector_privado,alta,Administrador,70,0,Callao,Gobierno Regional,Finalista/Seleccionado,0
HIST-2495,2,3,sector_privado,nula,Administrador,4,0,Callao,Ministerios/Poder Ejecutivo,Solo visualizador,0
HIST-2496,0,19,independiente,media,Profesor,162,1,Otro,Organismos Autónomos,Otro,0
HIST-2497,6,11,sector_publico,nula,Economista,14,0,Otro,Ministerios/Poder Ejecutivo,Otro,1
HIST-2498,5,19,sector_publico,media,Economista,120,1,Cusco,Organismos Autónomos,Postulante frecuente,1
HIST-2499,5,15,sector_privado,nula,Economista,150,1,Lima,Otro,Postulante frecuente,1
